id,building,carbon,climate,economy,energy,food,general,life,pollution,prod&cons,resources,transport,dedicated
22ACIMH,0,0,0,0,0,0,0,0,0,0,0,0,0
22ACILS,0,0,0,0,0,0,0,0,0,0,0,0,0
01MBDNW,0,0,0,0,0,0,0,0,0,0,0,0,0
03KXTLI,0,0,0,0,0,0,0,0,0,0,0,0,0
13EBHMU,0,0,0,0,0,0,0,0,0,0,0,0,0
02UTJMQ,0,0,0,0,0,0,0,0,0,0,0,0,0
02LSEOV,0,0,0,0,0,0,0,0,0,0,0,0,0
01RKFNE,0,0,0,0,0,0,0,0,0,0,0,0,0
06AWPMU,0,0,0,0,0,0,0,0,0,0,0,0,0
04KWQJM,0,0,0,0,0,0,0,0,0,0,0,0,0
01HGKND,0,0,0,0,0,0,0,0,0,0,0,0,0
01TYMUV,0,0,0,0,0,0,0,0,0,0,0,0,0
07CESPI,0,0,0,0,0,0,0,0,0,0,0,0,0
01UECMZ,0,0,0,0,0,0,0,0,0,0,0,0,0
01VLAMX,0,0,0,0,0,0,0,0,0,0,0,0,0
01PZGTR,0,0,0,0,0,0,0,1,0,0,0,0,0
04KXVJM,0,0,0,0,0,0,0,0,0,0,0,0,0
03MIQQW,0,0,0,0,0,0,0,0,0,0,0,1,0
55CWHNL,0,0,0,0,0,0,0,0,0,0,0,0,0
09IHRMA,0,0,0,0,0,0,0,0,0,0,0,0,0
01UTUPW,0,0,0,0,0,0,0,0,0,0,0,0,0
03QFRBG,0,0,0,0,0,0,0,0,0,0,0,0,0
01TVOPF,0,0,0,0,0,0,0,0,0,0,0,0,0
02VLJMC,0,0,0,0,0,0,0,0,0,0,0,0,0
07LKILZ,0,0,0,0,0,0,0,0,0,0,0,0,0
16ACFNL,0,0,0,0,0,0,0,0,0,0,0,0,0
01VJFNE,0,0,0,0,0,0,0,0,0,0,0,0,0
01UEUOV,0,0,0,0,0,0,0,0,0,0,0,0,0
04PAYTE,0,0,0,0,0,0,0,0,0,0,0,0,0
01PUDND,0,0,0,0,0,0,0,0,0,0,0,0,0
01UUBPW,0,0,0,0,0,0,0,0,0,0,0,0,0
09MSYQD,0,0,0,0,0,0,0,0,0,0,0,0,0
01UUDPW,0,0,0,0,0,0,0,0,0,0,0,0,0
01HHQUT,0,1,0,1,1,1,0,1,1,0,1,1,1
01UAFLH,0,0,0,1,0,0,0,1,0,1,0,1,0
01PQJPQ,0,0,0,0,0,0,0,0,0,0,0,0,0
05CBLPI,0,0,0,0,0,0,0,0,0,0,0,0,0
17MBRSM,0,0,0,0,0,0,0,0,0,0,0,0,0
01TVFND,1,1,1,0,1,0,0,0,0,1,1,0,1
01VODPX,0,0,0,0,0,0,0,0,0,0,0,0,0
01SPXPM,0,0,0,0,0,0,0,0,0,0,0,0,0
01VKBVA,0,0,0,0,0,0,0,0,0,0,0,0,0
20ICPMW,0,0,0,0,0,0,0,0,0,0,0,0,0
01RKCLS,0,0,0,0,0,0,0,0,0,0,0,0,0
01HMGLU,0,0,0,0,0,0,0,0,0,0,0,0,0
16AHMLZ,0,0,0,0,0,0,0,0,0,0,0,0,0
01UTANF,0,0,0,0,0,0,0,0,0,0,0,0,0
01OVZPG,0,0,0,0,0,0,0,0,0,0,0,0,0
01SHTQA,0,0,0,0,0,0,0,0,0,0,0,0,0
01DXKPX,1,1,1,0,1,0,0,1,1,0,1,0,1
02VMFTE,0,0,0,0,1,0,0,0,1,0,0,0,0
07CBAPQ,0,0,0,0,0,0,0,0,0,0,0,0,0
03NXVPM,0,0,0,0,0,0,0,0,0,0,0,0,0
01HEKUU,0,0,0,0,0,0,0,0,0,0,0,0,0
10BDAPG,0,0,0,0,0,0,0,0,0,0,0,0,0
03QWJBG,0,0,0,0,0,0,0,0,0,0,0,0,0
01TULPD,0,0,0,0,0,0,0,0,0,0,0,0,0
01VNLPX,0,0,1,0,0,0,0,1,0,0,0,0,0
02SXJLN,0,0,0,0,0,0,0,0,0,0,0,0,0
01USBMA,0,0,0,0,0,0,0,0,0,0,0,0,0
02THQTC,0,0,0,0,0,0,0,0,0,0,0,0,0
01URFMB,0,0,0,0,0,0,0,0,0,0,0,0,0
17OCDQA,0,0,0,0,0,0,0,0,0,0,0,0,0
02GRSOV,0,0,0,0,0,0,0,0,0,0,0,0,0
01TZHOV,0,0,0,0,0,0,0,0,0,0,0,0,0
22IBNPW,0,0,0,0,0,0,0,0,0,0,0,0,0
01RMDPX,0,0,0,1,0,0,0,0,0,0,1,0,1
17BMNUS,0,0,0,0,0,0,0,0,0,0,0,0,0
01RYCMX,0,0,0,0,0,0,0,0,0,0,0,0,0
02VLPPQ,0,0,0,0,0,0,0,1,1,0,0,0,1
01IBNLH,0,0,0,0,0,0,0,0,0,0,0,0,0
07LKILH,0,0,0,0,0,0,0,0,0,0,0,0,0
22EBHNC,0,0,0,0,0,0,0,0,0,0,0,0,0
03NMVMQ,0,0,0,0,0,0,0,0,0,0,0,0,0
12ICENG,0,0,0,0,0,0,0,0,0,0,0,0,0
24IDFPG,0,0,0,0,0,0,0,0,0,0,0,0,0
14BHDLS,0,0,0,0,0,0,0,0,0,0,0,0,0
01UUSNB,0,0,0,0,0,0,0,1,0,0,0,0,0
02GQNLP,0,0,0,0,0,0,0,0,0,0,0,0,0
07MIGPG,0,0,0,0,0,0,0,0,0,0,0,0,0
14BHDMN,0,0,0,0,0,0,0,0,0,0,0,0,0
06BJUPM,0,0,0,0,0,0,0,0,0,0,0,0,0
04KXVLM,0,0,0,0,0,0,0,0,0,0,0,0,0
01TWUMK,0,0,0,0,0,0,0,0,0,0,0,0,0
01DEELM,0,0,0,0,0,0,0,0,0,0,0,0,0
02BHIOV,0,0,0,0,0,0,0,0,0,0,0,0,0
07ICPMX,0,0,0,0,0,0,0,0,0,0,0,0,0
14BHDMQ,0,0,0,0,0,0,0,0,0,0,0,0,0
01HFCUS,0,0,0,0,0,0,0,0,0,0,0,0,0
01HJBPF,0,0,0,0,0,0,0,0,0,0,0,0,0
14BHDPL,0,0,0,0,0,0,0,0,0,0,0,0,0
05MYMLP,0,0,0,0,0,0,0,0,0,0,0,0,0
01USBMK,0,0,0,0,0,0,0,0,0,0,0,0,0
07JCJJM,0,0,0,0,0,0,0,0,0,0,0,0,0
02SSULU,1,0,0,0,1,0,0,0,0,0,0,0,1
03NIBLO,0,0,0,0,0,0,0,0,0,0,0,0,0
16OBWPH,0,0,0,0,0,0,0,0,0,0,0,0,0
01THCTC,0,0,0,0,0,0,0,0,0,0,0,0,0
01RMFND,0,0,0,0,0,0,0,0,0,0,0,0,0
04NBWLH,0,0,0,0,0,0,0,0,0,0,0,0,0
03USCNF,0,0,0,0,0,0,0,0,0,0,0,0,0
03QWHBG,0,0,0,0,0,0,0,0,0,0,0,0,0
01TYGMK,0,0,0,0,0,0,0,0,0,0,0,0,0
06LKIQR,0,0,0,0,0,0,0,0,0,0,0,0,0
02NLBJM,0,0,0,0,0,0,0,0,0,0,0,0,0
01NOPOQ,0,0,0,0,0,0,0,0,0,0,0,0,0
01NNNOQ,0,0,0,0,0,0,0,0,0,0,0,0,0
01NKZMN,0,0,0,0,0,0,0,0,0,0,0,0,0
02NKFQR,0,0,0,0,1,0,0,0,0,0,0,0,0
01HGWNF,0,0,0,0,0,0,0,0,0,0,0,0,0
04CFRLX,0,0,0,0,0,0,0,0,0,0,0,0,0
01PRUPM,0,0,0,0,0,0,0,0,0,0,0,0,0
01TYKPF,0,0,0,0,0,0,0,0,0,0,0,0,0
71CWHMW,0,0,0,0,0,0,0,0,0,0,0,0,0
02NHSMT,0,0,0,0,0,0,0,0,0,0,0,0,0
01UAXOQ,0,0,0,0,0,0,0,0,0,0,0,0,0
03AOFNL,0,0,0,0,0,0,0,0,0,0,0,0,0
10CWHPL,0,0,0,0,0,0,0,0,0,0,0,0,0
01HHLMV,0,0,0,0,0,0,0,0,0,0,0,0,0
17AXOMC,0,0,0,0,0,0,0,0,0,0,0,0,0
01DSABH,0,0,0,0,0,0,0,0,0,0,0,1,0
72ICPMX,0,0,0,0,0,0,0,0,0,0,0,0,0
01VMQTE,0,0,0,0,1,0,0,1,0,0,0,0,0
01SPWPQ,0,0,0,0,0,0,0,0,0,0,0,0,0
30IDFPO,0,0,0,0,0,0,0,0,0,0,0,0,0
14BHDNL,0,0,0,0,0,0,0,0,0,0,0,0,0
14MSYQA,0,0,0,0,0,0,0,0,0,0,0,0,0
01QFYNM,0,0,0,0,0,0,0,0,0,0,0,0,0
01HFHUS,0,0,0,0,0,0,0,0,0,0,0,0,0
04LONLI,0,0,0,0,0,0,0,0,0,0,0,1,0
01VOGPX,1,0,0,0,0,0,0,1,0,0,0,0,0
01UQUMV,0,0,0,0,0,0,0,0,0,0,0,0,0
05LSLLP,0,0,0,0,0,0,0,0,0,0,0,0,0
20AXPLZ,0,0,0,0,0,0,0,0,0,0,0,0,0
01VJRPG,0,0,0,0,0,0,0,0,0,0,0,0,0
01GYZUV,0,0,0,0,0,0,0,0,0,0,0,0,0
16AHMPI,0,0,0,0,0,0,0,0,0,0,0,0,0
01NLDJM,0,0,0,0,0,0,0,0,0,0,0,0,0
01TZOMX,0,0,0,0,0,0,0,0,0,0,0,0,0
03CWOTC,0,0,0,0,0,0,0,0,0,0,0,0,0
01OCNMW,0,0,0,0,0,0,0,0,0,0,0,0,0
01PNOPI,0,0,0,0,0,0,0,0,0,0,0,0,0
01QVULP,0,0,0,0,0,0,0,0,0,0,0,0,0
01VNXPX,0,0,0,0,0,0,0,0,0,0,0,0,0
01VQCLU,0,0,0,0,0,0,0,1,0,0,0,0,0
01TWAQW,0,0,0,0,0,0,0,0,0,0,0,0,0
16ACFLS,0,0,0,0,0,0,0,0,0,0,0,0,0
01TVOQW,0,0,0,0,0,0,0,0,0,0,0,0,0
16IBNPL,0,0,0,0,0,0,0,0,0,0,0,0,0
01TUGPC,0,0,0,0,0,0,0,0,0,0,0,0,0
01PEEQW,0,0,0,0,0,0,0,0,0,0,0,0,0
20APGLN,0,0,0,0,0,0,0,0,0,0,0,0,0
01VMVTE,0,0,0,0,0,0,0,0,0,0,0,0,0
01THBTC,0,0,0,0,0,0,0,0,0,0,0,0,0
01RWMVA,0,0,0,0,0,0,0,0,0,0,0,0,0
01QYUNL,0,0,0,0,0,0,0,0,0,0,0,0,0
01HLQJM,0,0,0,0,0,0,0,0,0,0,0,0,0
01QHJMV,0,0,0,0,0,0,0,0,0,0,0,0,0
17AXPMO,0,0,0,0,0,0,0,0,0,0,0,0,0
02UEWMW,0,0,0,0,0,0,0,0,0,0,0,0,0
22ACILN,0,0,0,0,0,0,0,0,0,0,0,0,0
22AXPMQ,0,0,0,0,0,0,0,0,0,0,0,0,0
07CESMQ,0,0,0,0,0,0,0,0,0,0,0,0,0
01TVIND,0,0,0,0,0,0,0,0,0,0,0,0,0
01OSJPF,0,0,0,0,0,0,0,0,0,0,0,0,0
05BHAND,0,0,0,0,0,0,0,0,0,0,0,0,0
01USBMB,0,0,0,0,0,0,0,0,0,0,0,0,0
06PAUMU,0,0,0,0,0,0,0,0,0,0,0,0,0
02THMTC,0,0,0,0,0,0,0,0,0,0,0,0,0
03LNMJM,0,0,0,0,0,0,0,0,0,0,0,0,0
03KSDQW,0,0,0,0,0,0,0,0,0,0,0,0,0
01DRTTR,0,0,0,0,0,0,0,0,0,0,0,0,0
01SSNPM,0,0,0,0,0,0,0,0,0,0,0,0,0
01NIINM,0,0,0,0,0,0,0,0,0,0,0,0,0
01PGLLZ,0,0,0,0,0,0,0,0,0,0,0,0,0
10CWHPE,0,0,0,0,0,0,0,0,0,0,0,0,0
23ACIMQ,0,0,0,0,0,0,0,0,0,0,0,0,0
01GYKUV,0,0,0,0,0,0,0,0,0,0,0,0,0
04FGVNG,0,0,0,0,0,0,0,0,0,0,0,0,0
10IDFPG,0,0,0,0,0,0,0,0,0,0,0,0,0
02VMATE,0,0,0,0,0,0,0,0,0,0,0,0,0
03GKZMT,0,0,0,0,0,0,0,0,0,0,0,0,0
01OIALU,0,0,0,0,0,0,0,0,0,0,0,0,0
01TUUOD,0,0,0,0,0,0,0,0,0,0,0,0,0
05NYRPO,1,0,0,0,1,0,0,0,0,0,0,0,0
01VMTTE,0,0,0,0,0,0,0,0,0,0,0,0,0
24MBRUT,0,0,0,0,0,0,0,0,0,0,0,0,0
01VLRPX,0,0,0,0,0,0,0,0,0,0,0,0,0
01DWRMZ,0,0,0,0,0,0,0,0,0,0,0,0,0
01RKXQW,0,0,0,0,0,0,0,0,0,0,0,0,0
05VAJNF,0,0,0,0,0,0,0,0,0,0,0,0,0
17AXOOD,0,0,0,0,0,0,0,0,0,0,0,0,0
08CESQR,0,0,0,0,0,0,0,0,0,0,0,0,0
01VIMTD,1,1,1,1,1,0,0,1,1,0,0,0,1
20AXPMN,0,0,0,0,0,0,0,0,0,0,0,0,0
01HLUTD,0,0,0,0,0,0,0,0,0,0,0,0,0
02VKVVA,0,0,0,0,0,0,0,0,0,0,0,0,0
01CPBMH,0,0,0,0,0,0,0,0,0,0,0,0,0
06CYAPQ,0,0,0,0,0,0,0,0,0,0,0,0,0
17AXOOA,0,0,0,0,0,0,0,0,0,0,0,0,0
01UBDMV,0,0,0,0,0,0,0,0,0,0,0,0,0
04OIGLP,0,0,0,0,0,0,0,0,0,0,0,0,0
02AOYMH,0,0,0,0,0,0,0,0,0,0,0,0,0
02OGGLM,0,0,0,0,0,0,0,0,0,0,0,0,0
01RKHNE,0,0,0,0,0,0,0,0,0,0,0,0,0
01NLMLI,0,0,0,0,0,0,0,0,0,0,0,0,0
02KSDQW,0,0,0,0,0,0,0,0,0,0,0,0,0
01VKHMX,0,0,0,0,0,0,0,0,0,0,0,0,0
01OFWLI,0,0,0,0,0,0,0,0,0,0,0,0,0
01PDXQW,0,0,0,0,0,0,0,0,0,0,0,0,0
01UASLH,0,0,0,0,0,0,0,0,0,0,0,0,0
02OJPUU,0,0,0,0,0,0,0,0,0,0,0,0,0
07LKIOD,0,0,0,0,0,0,0,0,0,0,0,0,0
01USBNX,0,0,0,0,0,0,0,0,0,0,0,0,0
01NNKOQ,0,0,0,0,0,0,0,0,0,0,0,0,0
17AXOMK,0,0,0,0,0,0,0,0,0,0,0,0,0
01TXGSM,0,0,0,0,0,0,0,0,0,0,0,0,0
01SRNMV,0,0,0,0,0,0,0,0,0,0,0,0,0
04KWQLM,0,0,0,0,0,0,0,0,0,0,0,0,0
01TGXTC,0,0,0,0,0,0,0,0,0,0,0,0,0
02MZGNX,0,0,0,0,0,0,0,0,0,0,0,0,0
01HGPNF,0,0,0,0,0,0,0,0,0,0,0,0,0
03TZJOV,0,0,0,0,0,0,0,0,0,0,0,0,0
04CIIPL,0,0,0,0,0,0,0,0,0,0,0,0,0
02SSYLU,0,0,0,0,0,0,0,0,0,0,0,0,0
01VLCMX,0,0,0,0,0,0,0,0,0,0,0,0,0
06CBAMX,0,0,0,0,0,0,0,0,0,0,0,0,0
01TXYOV,0,0,0,0,0,0,0,0,0,0,0,0,0
06ICWPD,0,0,0,0,0,0,0,0,0,0,0,0,0
09PAYQA,0,0,0,0,0,0,0,0,0,0,0,0,0
14KYQTR,0,0,0,0,0,0,0,0,0,0,0,0,0
06AFDNE,0,0,0,0,0,0,0,0,0,0,0,0,0
13MBRTD,0,0,0,0,0,0,0,0,0,0,0,0,0
01TVEQW,0,0,0,0,0,0,0,0,0,0,0,0,0
02UEWMV,0,0,0,0,0,0,0,0,0,0,0,0,0
02THNTC,0,0,0,0,0,0,0,0,0,0,0,0,0
01VOPPQ,0,0,0,0,0,0,0,0,0,0,0,0,0
30ICWMT,0,0,0,0,0,0,0,0,0,0,0,0,0
02MZGLP,0,0,0,0,0,0,0,0,0,0,0,0,0
01HEPUU,0,0,0,0,0,0,0,0,0,0,0,0,0
01DSSBG,0,0,0,0,0,0,0,0,0,0,0,0,0
01HFROV,0,0,0,0,0,0,0,0,0,0,0,0,0
02PNOMH,0,0,0,0,0,0,0,0,0,0,0,0,0
01CMXPW,0,0,0,0,0,0,0,0,0,0,0,0,0
01UCXPE,0,0,0,0,0,0,0,0,0,0,0,0,0
01TZXLH,0,0,0,0,0,0,0,0,0,0,0,0,0
23ACIMC,0,0,0,0,0,0,0,0,0,0,0,0,0
20AXPMQ,0,0,0,0,0,0,0,0,0,0,0,0,0
01OAINE,0,0,0,0,0,0,0,1,0,0,0,0,0
01PRWPM,0,0,0,0,0,0,0,0,0,0,0,0,0
01VKNMX,0,0,0,0,0,0,0,0,0,0,0,0,0
03NFNMW,0,0,0,0,0,0,0,0,0,0,0,0,0
01USBMQ,0,0,0,0,0,0,0,0,0,0,0,0,0
01HMANF,0,0,0,0,0,0,0,0,0,0,0,0,0
01RKCNX,0,0,0,0,0,0,0,0,0,0,0,0,0
03LPXBG,0,0,0,0,0,0,0,0,0,0,0,0,0
01TWBND,0,0,0,0,0,0,0,0,0,0,0,0,0
01VIBTD,0,0,0,0,0,0,0,0,0,0,0,0,0
03BYKNE,0,0,0,0,0,0,0,0,0,0,0,0,0
01PNOLN,0,0,0,0,0,0,0,0,0,0,0,0,0
16ACFMK,0,0,0,0,0,0,0,0,0,0,0,0,0
01UQTMV,0,0,0,0,0,0,0,0,0,0,0,0,0
03TZHOV,0,0,0,0,0,0,0,0,0,0,0,0,0
01SQQMZ,0,0,0,0,0,0,0,0,0,0,0,0,0
01VMETE,0,0,0,0,0,0,0,0,0,0,0,0,0
01UUQNB,0,0,0,0,0,0,0,0,0,0,0,0,0
02MCCLI,0,0,0,0,0,0,0,0,0,0,0,0,0
14BHDOD,0,0,0,0,0,0,0,0,0,0,0,0,0
02IKKMV,0,0,0,0,0,0,0,0,0,0,0,0,0
02LTHLP,0,0,0,0,0,0,0,0,0,0,0,0,0
01PNOLX,0,0,0,0,0,0,0,0,0,0,0,0,0
03RUQMO,0,0,0,0,0,0,0,0,0,0,0,0,0
01TVNND,0,0,0,0,0,0,0,0,0,0,0,0,0
01LCUMQ,0,0,0,0,0,0,0,0,0,0,0,0,0
03LMAJM,0,0,0,0,0,0,0,0,0,0,0,0,0
04ETBNC,0,0,0,0,0,0,0,0,0,0,0,0,0
01PESMT,0,0,0,0,0,0,0,0,0,0,0,0,0
07LKIPL,0,0,0,0,0,0,0,0,0,0,0,0,0
16ACFLZ,0,0,0,0,0,0,0,0,0,0,0,0,0
20AXPPI,0,0,0,0,0,0,0,0,0,0,0,0,0
02EUGMT,0,0,0,0,0,0,0,0,0,0,0,0,0
03KXTLP,0,0,0,0,0,0,0,0,0,0,0,0,0
18AXOLS,0,0,0,0,0,0,0,0,0,0,0,0,0
01UURNB,0,0,0,0,0,0,0,0,0,0,0,0,0
66CWHMU,0,0,0,0,0,0,0,0,0,0,0,0,0
01RWPMW,0,0,0,0,0,0,0,0,0,0,0,0,0
04EGHLH,0,0,0,0,0,0,0,0,0,0,0,0,0
61ICPMX,0,0,0,0,0,0,0,0,0,0,0,0,0
05MNONX,0,0,0,0,0,0,0,0,0,0,0,0,0
03JSGOQ,0,0,0,0,0,0,0,0,0,0,0,0,0
03PGEQA,0,0,0,0,0,0,0,0,0,0,0,0,0
02IHSLZ,0,0,0,0,0,0,0,0,0,0,0,0,0
04GKENE,0,0,0,0,0,0,0,0,0,0,0,0,0
70CWHMH,0,0,0,0,0,0,0,0,0,0,0,0,0
01VOAPX,0,0,0,0,1,0,0,1,0,0,0,0,1
01SPNPF,0,0,0,0,0,0,0,0,0,0,0,0,0
04KXVTR,0,0,0,0,0,0,0,0,0,0,0,0,0
04JEZOQ,0,0,0,0,0,0,0,0,0,0,0,0,0
01UUPNB,0,0,0,0,0,0,0,0,0,0,0,0,0
14CFRPM,0,0,0,0,0,0,0,1,0,0,0,0,0
16ACFLN,0,0,0,0,0,0,0,0,0,0,0,0,0
01RKCMQ,0,0,0,0,0,0,0,0,0,0,0,0,0
19APGLZ,0,0,0,0,0,0,0,0,0,0,0,0,0
02MAZNW,0,0,0,0,0,0,0,0,0,0,0,0,0
01DVYNF,0,0,0,0,0,0,0,0,0,0,0,0,0
06MBRPH,0,0,0,0,0,0,0,0,0,0,0,0,0
08CESNL,0,0,0,0,0,0,0,0,0,0,0,0,0
01PRYLU,0,0,0,0,0,0,0,0,0,0,0,0,0
02TZLVA,0,0,0,0,0,0,0,0,0,0,0,0,0
01NZFMV,0,0,0,0,0,0,0,0,0,0,0,0,0
06ATNOD,0,0,0,0,0,0,0,0,0,0,0,0,0
01GZZUU,0,0,0,0,0,0,0,0,0,0,0,0,0
01VNQPX,0,0,0,0,0,0,0,0,0,0,0,0,0
23EBHOQ,0,0,0,0,0,0,0,0,0,0,0,0,0
01RXLMV,0,0,0,0,0,0,0,0,0,0,0,0,0
16IBNMQ,0,0,0,0,0,0,0,0,0,0,0,0,0
01HEZUS,0,0,0,0,0,0,0,0,0,0,0,0,0
14BHDMH,0,0,0,0,0,0,0,0,0,0,0,0,0
09PNOLZ,0,0,0,0,0,0,0,0,0,0,0,0,0
43ICPNC,0,0,0,0,0,0,0,0,0,0,0,0,0
03CWRMH,0,0,0,0,0,0,0,0,0,0,0,0,0
06ARNQR,0,0,0,0,0,0,0,0,0,0,0,0,0
02MCCLM,0,0,0,0,0,0,0,0,0,0,0,0,0
11MBRLO,0,0,0,0,0,0,0,0,0,0,0,0,0
01QWXBH,0,0,0,0,1,0,0,0,0,0,0,0,0
01NJZMU,0,0,0,0,0,0,0,0,0,0,0,0,0
17AXOMH,0,0,0,0,0,0,0,0,0,0,0,0,0
03EMYPI,0,0,0,0,0,0,0,0,0,0,0,0,0
01KYOPH,0,0,0,0,0,0,0,0,0,0,0,0,0
14BHDMK,0,0,0,0,0,0,0,0,0,0,0,0,0
01UCHNF,0,0,1,0,0,0,0,1,1,0,1,0,1
12CINNC,0,0,0,0,0,0,0,0,0,0,0,0,0
03SAGNE,0,0,0,0,0,0,0,0,0,0,0,0,0
03BYKPG,0,0,0,0,0,0,0,0,0,0,0,0,0
04JEZOA,0,0,0,0,0,0,0,0,0,0,0,0,0
02JIWQA,0,0,0,0,0,0,0,0,0,0,0,0,0
01DWJMZ,0,0,0,0,0,0,0,0,0,0,0,0,0
07JCJLP,0,0,0,0,0,0,0,0,0,0,0,0,0
05LNMTR,0,0,0,0,0,0,0,1,0,0,0,0,0
02MPLQW,0,0,0,0,0,0,0,0,0,0,0,0,0
02OJPUT,0,0,0,0,0,0,0,0,0,0,0,0,0
01VJQPG,0,0,0,0,0,0,0,0,0,0,0,0,0
02UZVND,0,0,0,0,0,0,0,0,0,0,0,0,0
24EBHMX,0,0,0,0,0,0,0,0,0,0,0,0,0
02KTMLM,0,0,0,0,0,0,0,0,0,0,0,0,0
02NMRNG,0,0,0,0,0,0,0,0,0,0,0,0,0
16IBNMO,0,0,0,0,0,0,0,0,0,0,0,0,0
02GQCOQ,0,0,0,0,0,0,0,0,0,0,0,0,0
03OFOLO,0,0,0,0,0,0,0,0,1,0,0,1,0
02IHDNE,0,0,1,0,0,0,0,1,1,0,0,1,0
01RKXOV,0,0,0,0,0,0,0,0,0,0,0,0,0
04IXTPH,0,0,0,0,0,0,0,0,0,0,0,0,0
01HHIPG,0,0,0,0,0,0,0,0,0,0,0,0,0
01UTWPW,0,0,0,0,0,0,0,0,0,0,0,0,0
17AXONX,0,0,0,0,0,0,0,0,0,0,0,0,0
14BHDLX,0,0,0,0,0,0,0,0,0,0,0,0,0
08KSILM,0,0,0,0,0,0,0,0,0,0,0,0,0
01HEQUU,0,0,0,0,0,0,0,0,0,0,0,0,0
01JEFPG,0,0,0,0,0,0,0,0,0,0,0,0,0
06KWRLM,0,0,0,0,0,0,0,0,0,0,0,0,0
09IHRLZ,0,0,0,0,0,0,0,0,0,0,0,0,0
03OIGNX,0,0,0,0,0,0,0,0,0,0,0,0,0
12CKRPL,0,0,0,0,0,0,0,0,0,0,0,0,0
01OFWLN,0,0,0,0,0,0,0,0,0,0,0,0,0
01QZJNF,0,0,0,0,0,0,0,0,0,0,0,0,0
23ACIPC,0,0,0,0,0,0,0,0,0,0,0,0,0
02VMLTE,0,0,0,0,0,0,0,0,0,0,0,0,0
23ACINX,0,0,0,0,0,0,0,0,0,0,0,0,0
02DWTPQ,0,0,0,0,0,0,0,0,0,0,0,0,0
02DSMUV,0,0,0,0,0,0,0,0,0,0,0,0,0
05MSYPG,0,0,0,0,0,0,0,0,0,0,0,0,0
01TGUTC,0,0,0,0,0,0,0,0,0,0,0,0,0
16ACFMC,0,0,0,0,0,0,0,0,0,0,0,0,0
04EQAMA,0,0,0,0,0,0,0,0,0,0,0,0,0
23CWHMC,0,0,0,0,0,0,0,0,0,0,0,0,0
01QGXND,0,1,0,0,1,0,0,0,0,0,0,1,1
01VIYPF,0,0,0,0,0,0,0,0,0,0,0,0,0
05IHQMK,0,0,0,0,0,0,0,0,0,0,0,0,0
01UWTNG,0,0,0,0,0,0,0,0,0,0,0,0,0
15KXWLP,0,0,0,0,0,0,0,0,0,0,0,0,0
01RTXPF,0,0,0,0,0,0,0,0,0,0,0,0,0
04PBVPG,0,0,0,0,0,0,0,0,0,0,0,0,0
01SOSQA,1,0,0,0,1,0,0,1,1,0,0,0,1
01OTYLU,1,0,0,0,0,0,0,0,0,0,0,0,0
01SSFPM,0,0,0,0,0,0,0,0,0,0,0,0,0
02LVNOV,0,0,0,0,0,0,0,0,0,0,0,0,0
01UDGOV,0,0,0,0,0,0,0,0,0,0,0,0,0
62ICPOV,0,0,0,0,0,0,0,0,0,0,0,0,0
01RVYMZ,0,0,0,0,0,0,0,0,0,0,1,0,0
01NLNNE,0,0,0,0,0,0,0,0,0,0,0,0,0
01VKYVA,0,0,0,0,0,0,0,0,0,0,0,0,0
01QYHOV,0,0,0,0,0,0,0,0,0,0,0,0,0
01VLRPQ,0,0,0,0,0,0,0,0,0,0,0,0,0
01VONPQ,0,1,0,0,1,0,0,1,0,0,0,0,1
01SUILU,0,0,0,0,0,0,0,0,0,0,0,0,0
01GZIQA,0,0,0,0,0,0,0,0,0,0,0,0,0
03DJTND,0,0,0,0,0,0,0,0,0,0,0,0,0
05COALS,0,0,0,0,0,0,0,0,0,0,0,0,0
03CUGMX,0,0,0,0,0,0,0,0,0,0,0,0,0
01RUDBH,0,0,0,0,0,0,0,0,0,0,0,0,0
09CBIPL,0,0,0,0,0,0,0,0,0,0,0,0,0
02ANYPG,0,0,0,0,0,0,0,0,0,0,0,0,0
04OULNW,1,0,0,1,1,0,0,1,1,1,1,0,1
32IBNOD,0,0,0,0,0,0,0,0,0,0,0,0,0
14AFQPL,0,0,0,0,0,0,0,0,0,0,0,0,0
01QZEMU,0,0,0,0,0,0,0,0,0,0,0,0,0
03SOXQA,0,0,0,0,0,0,0,0,0,0,0,0,0
01RKYQW,0,0,0,0,0,0,0,0,0,0,0,0,0
01GYJOA,0,0,0,0,0,0,0,0,0,0,0,0,0
02PMUPQ,0,0,0,0,0,0,0,0,0,0,0,0,0
16AHMMK,0,0,0,0,0,0,0,0,0,0,0,0,0
01VISTC,0,0,0,0,0,0,0,0,0,0,0,0,0
01VJAPE,0,0,0,0,0,0,0,0,0,0,0,0,0
23ACIPI,0,0,0,0,0,0,0,0,0,0,0,0,0
01HGXNF,0,0,0,0,0,0,0,0,0,0,0,0,0
01QWUBH,0,0,0,0,0,0,0,0,0,0,0,0,0
10CWHLM,0,0,0,0,0,0,0,0,0,0,0,0,0
02PMUTE,0,0,0,0,0,0,0,0,0,0,0,0,0
03NVCNX,0,0,0,0,0,0,0,0,0,0,0,0,0
01NIIQR,0,0,0,0,0,0,0,0,0,0,0,0,0
01MZBLZ,0,0,0,0,0,0,0,1,0,0,0,0,0
16IBNMN,0,0,0,0,0,0,0,0,0,0,0,0,0
05MRPLO,0,0,0,0,0,0,0,0,0,0,0,0,0
26IDFPG,0,0,0,0,0,0,0,0,0,0,0,0,0
01HHJMV,0,0,0,0,0,0,0,0,0,0,0,0,0
02SXJJM,0,0,0,0,0,0,0,0,0,0,0,0,0
03UEWUT,0,0,0,0,0,0,0,0,0,0,0,0,0
06NPHPE,0,0,0,0,0,0,0,0,0,0,0,0,0
01VNZPX,0,0,0,0,0,0,0,0,0,0,0,0,0
01VNBTE,0,0,0,0,0,0,0,0,0,0,0,0,0
03RLBNG,0,0,0,0,0,0,0,0,0,0,0,0,0
01VOOPQ,0,0,0,0,0,0,0,0,0,0,0,0,0
01SRZMT,0,0,0,0,0,0,0,0,0,0,0,0,0
02THITC,0,0,0,0,0,0,0,0,0,0,0,0,0
01RLHMZ,0,0,0,0,0,0,0,0,0,0,0,0,0
01SHSQA,0,0,0,0,0,0,0,0,0,0,0,0,0
05BIKMO,0,0,0,0,0,0,0,1,1,0,1,0,0
01VKFVA,0,0,0,0,0,0,0,0,0,0,0,0,0
02RCAND,0,0,0,0,0,0,0,0,0,0,0,0,0
01NNSOQ,0,0,0,0,0,0,0,0,0,0,0,0,0
01LWVQA,0,0,0,0,0,0,0,0,0,0,0,0,0
01NGHMZ,0,0,0,0,0,0,0,0,0,0,0,0,0
03OTVQA,0,0,0,0,0,0,0,0,0,0,0,0,0
01DWHMV,0,0,0,0,0,0,0,0,0,0,0,0,0
02SHSQA,0,0,0,0,0,0,0,0,0,0,0,0,0
01SRXMV,0,0,0,0,0,0,0,0,0,0,0,0,0
01PNOOD,0,0,0,0,0,0,0,0,0,0,0,0,0
02LSEOQ,0,0,0,0,0,0,0,0,0,0,0,0,0
01VNOPX,0,0,0,0,0,0,0,0,0,0,0,0,0
05PAYPQ,0,0,0,0,0,0,0,0,0,0,0,0,0
10LMGTD,0,0,0,0,0,0,0,0,0,0,0,0,0
23EBHPO,0,0,0,0,0,0,0,0,0,1,0,0,0
01OUZQW,0,0,0,0,0,0,0,0,0,0,0,0,0
20AXPLX,0,0,0,0,0,0,0,0,0,0,0,0,0
04PAUPX,0,0,0,0,0,0,0,0,0,0,0,0,0
05QWAMB,0,0,0,0,0,0,0,0,0,0,0,0,0
03NEAMA,0,0,0,0,0,0,0,0,0,0,0,0,0
01OAHQD,0,0,0,0,0,0,0,0,0,0,0,0,0
01SRQNC,0,0,0,0,0,0,0,0,0,0,0,0,0
08AQGNM,0,0,0,0,0,0,0,0,0,0,0,0,0
01RRJOD,0,0,0,0,0,0,0,0,0,0,0,0,0
04KXVLP,0,0,0,0,0,0,0,0,0,0,0,0,0
01RKCMO,0,0,0,0,0,0,0,0,0,0,0,0,0
01PGTPM,0,0,0,0,0,0,0,0,0,0,0,0,0
06BWIQA,0,0,0,0,0,0,0,0,0,0,0,0,0
05UEWLO,0,0,0,0,0,0,0,0,0,0,0,0,0
01USBPL,0,0,0,0,0,0,0,0,0,0,0,0,0
02OAEQR,0,0,0,0,0,0,0,0,0,0,0,0,0
25MBRBG,0,0,0,0,0,0,0,0,0,0,0,0,0
01VOTPQ,0,0,0,0,0,0,0,0,0,0,0,0,0
03KYQJM,0,0,0,0,0,0,0,0,0,0,0,0,0
01GZBUV,0,0,0,0,0,0,0,0,0,0,0,0,0
01NPZPD,0,0,0,0,0,0,0,0,0,0,0,0,0
09ATFMA,0,0,0,0,0,0,0,0,0,0,0,0,0
01NJYMU,0,0,0,0,0,0,0,0,0,0,0,0,0
01NTMQA,0,0,0,0,0,0,0,0,0,0,0,0,0
01VNPPX,0,0,0,0,0,0,0,0,0,0,0,0,0
01UWENB,0,0,1,0,1,0,0,0,0,0,0,0,1
03UEWNF,0,0,0,0,0,0,0,0,0,0,0,0,0
01MYYLZ,0,0,0,0,0,0,0,0,0,0,0,0,0
01HHMQD,0,0,0,0,0,0,0,0,0,0,0,0,0
54ICPMX,0,0,0,0,0,0,0,0,0,0,0,0,0
05TZHOV,0,0,0,0,0,0,0,0,0,0,0,0,0
01VJBNW,0,1,1,0,1,0,0,0,1,0,0,0,0
01SHRQA,0,0,0,0,0,0,0,0,0,0,0,0,0
01VPHPQ,0,0,0,0,0,0,0,0,0,0,0,0,0
01UDTMV,0,0,0,0,0,0,0,0,0,0,0,0,0
09LMGNW,0,0,0,0,0,0,0,0,0,0,0,0,0
20AXPMK,0,0,0,0,0,0,0,0,0,0,0,0,0
01GYLUV,0,0,0,0,0,0,0,0,0,0,0,0,0
01PNOPL,0,0,0,0,0,0,0,0,0,0,0,0,0
01GYSUV,0,0,0,0,0,0,0,0,0,0,0,0,0
26ACIOA,0,0,0,0,0,0,0,0,0,0,0,0,0
01UQONC,0,1,1,0,1,0,0,0,0,0,0,0,1
46ICPOQ,0,0,0,0,0,0,0,0,0,0,0,0,0
01GYBLM,0,0,0,0,0,0,0,0,0,0,0,0,0
01TWMND,0,0,0,0,0,0,0,0,0,0,0,0,0
01NJVMU,0,0,0,0,0,0,0,0,0,0,0,0,0
02RZYPE,0,0,0,0,0,0,0,0,0,0,0,0,0
02SYKPW,0,0,0,0,0,0,0,0,0,0,0,0,0
01VJXPE,0,0,0,0,0,0,0,0,0,0,0,0,0
14AFQPI,0,0,0,0,0,0,0,0,0,0,0,0,0
01OTVQA,0,0,0,0,0,0,0,0,0,0,0,0,0
16CFOLX,0,0,0,0,0,0,0,0,0,0,0,0,0
01QWYBH,0,0,0,0,0,0,0,0,0,0,0,0,0
02KXUTR,0,0,0,0,0,0,0,0,0,0,0,0,0
02KSDOV,0,0,0,0,0,0,0,0,0,0,0,0,0
03EPUMK,0,0,0,0,0,0,0,0,0,0,0,0,0
04KBHNC,0,0,0,0,0,0,0,0,0,0,0,0,0
01HJCPF,0,0,0,0,0,0,0,0,0,0,0,0,0
02OCTMW,0,0,0,0,0,0,0,0,0,0,0,0,0
02NKFNM,0,0,0,0,1,0,0,0,0,0,0,0,0
09IHRLN,0,0,0,0,0,0,0,0,0,0,0,0,0
03NBZLH,0,0,0,0,0,0,0,0,0,0,0,0,0
03VEAQA,0,0,0,0,0,0,0,0,0,0,0,0,0
01SOKOQ,0,0,0,0,0,0,0,0,0,0,0,0,0
04NYVPO,0,0,0,0,0,0,0,0,0,0,0,0,0
17CFOMB,0,0,0,0,0,0,0,0,0,0,0,0,0
01VIXSM,0,0,0,0,0,0,0,0,0,0,0,0,0
01UDFOV,0,0,0,0,0,0,0,0,0,0,0,0,0
01RKCLZ,0,0,0,0,0,0,0,0,0,0,0,0,0
01DVKNW,0,0,0,0,0,0,0,0,0,0,0,0,0
04EUAPQ,0,0,0,0,0,0,0,0,0,0,0,0,0
16ACFMH,0,0,0,0,0,0,0,0,0,0,0,0,0
02MCCJM,0,0,0,0,0,0,0,0,0,0,0,0,0
01NOYOQ,0,0,0,0,0,0,0,0,0,0,0,0,0
01QWVBH,0,0,0,0,1,0,0,1,0,0,0,1,0
01TXPSM,0,0,0,0,0,0,0,0,0,0,0,0,0
02CMDPM,0,0,0,0,0,0,0,0,0,0,0,0,0
01TUYSM,0,0,0,0,0,0,0,0,0,0,0,0,0
01RXOQW,0,0,0,0,0,0,0,0,0,0,0,0,0
16IBNNM,0,0,0,0,0,0,0,0,0,0,0,0,0
01RXYMX,0,0,1,0,0,0,0,0,0,0,0,0,0
02UEWPX,0,0,0,0,0,0,0,0,0,0,0,0,0
01VPCPQ,0,0,0,0,0,0,0,0,0,0,0,0,0
04KXVLI,0,0,0,0,0,0,0,0,0,0,0,0,0
01QGQMA,0,0,0,0,0,0,0,0,0,0,0,0,0
01TWPBG,0,0,0,0,0,0,0,0,0,0,0,0,0
01SBCPW,0,0,0,0,0,0,0,0,0,0,0,0,0
03RWRND,0,0,0,0,0,0,0,0,0,0,0,0,0
01VMZTE,0,0,0,0,0,0,0,0,0,0,0,0,0
06ARHNE,0,0,0,0,0,0,0,0,0,0,0,0,0
01VKDMX,0,0,0,0,0,0,0,0,0,0,0,0,0
09BCOMO,0,0,0,0,0,0,0,0,0,0,0,0,0
01VMITE,0,0,0,0,0,0,0,0,0,0,0,0,0
01RKCPI,0,0,0,0,0,0,0,0,0,0,0,0,0
01GYCLM,0,0,0,0,0,0,0,0,0,0,0,0,0
01USMLO,0,0,0,0,0,0,0,0,0,0,0,0,0
11CWHPI,0,0,0,0,0,0,0,0,0,0,0,0,0
01TYLPF,0,0,0,0,0,0,0,0,0,0,0,0,0
14ALPNC,0,0,0,0,0,0,0,0,0,0,0,0,0
70CWHNE,0,0,0,0,0,0,0,0,0,0,0,0,0
09BNTNL,0,0,0,0,0,0,0,0,0,0,0,0,0
01TWEND,0,0,0,0,0,0,0,0,0,0,0,0,0
02EYONM,0,0,0,0,0,0,0,0,0,0,0,0,0
01VLFVA,0,0,0,0,0,0,0,0,0,0,0,0,0
18AKSOA,0,0,0,0,0,0,0,0,0,0,0,0,0
02TUUMQ,0,0,0,0,0,0,0,0,0,0,0,0,0
06LKILS,0,0,0,0,0,0,0,0,0,0,0,0,0
01PEVMT,0,0,0,0,0,0,0,0,0,0,0,0,0
02LPNQW,0,0,0,0,0,0,0,0,0,0,0,0,0
02OKEND,0,0,0,0,0,0,0,0,0,0,0,0,0
03QLRPQ,0,0,0,0,0,0,0,0,0,0,0,0,0
01UTZPW,0,0,0,0,0,0,0,0,0,0,0,0,0
01USBMH,0,0,0,0,0,0,0,0,0,0,0,0,0
01VPIPQ,0,0,0,0,0,0,0,0,0,0,0,0,0
02IHSMA,0,0,0,0,0,0,0,0,0,0,0,0,0
01RUELX,0,0,0,0,0,0,0,0,0,0,0,0,0
08AQGQR,0,0,0,0,0,0,0,0,0,0,0,0,0
09MBRVA,0,0,0,0,0,0,0,0,0,0,0,0,0
01VJEQD,0,0,0,0,0,0,0,0,0,0,0,0,0
09MSYUU,0,0,0,0,0,0,0,0,0,0,0,0,0
01NSCPW,0,0,0,0,0,0,0,0,0,0,0,0,0
01OUWQW,0,0,0,0,0,0,0,0,0,0,0,0,0
02CFYLS,0,0,0,0,0,0,0,0,0,0,0,0,0
01USBMN,0,0,0,0,0,0,0,0,0,0,0,0,0
01ASUPE,0,0,0,0,0,0,0,0,0,0,0,0,0
05IHQLX,0,0,0,0,0,0,0,0,0,0,0,0,0
14AFQOA,0,0,0,0,0,0,0,0,0,0,0,0,0
01VJCPI,0,0,0,0,0,0,0,0,0,0,0,0,0
03QWZBH,0,0,0,0,0,0,0,0,0,0,0,0,0
01VJZVA,0,0,0,0,0,0,0,0,0,0,0,0,0
01NTQOD,0,0,0,0,0,0,0,0,0,0,0,0,0
01RLUPE,0,0,0,0,0,0,0,0,0,0,0,0,0
01UBDOQ,0,0,0,0,0,0,0,0,0,0,0,0,0
01VNAPX,0,0,0,0,0,0,0,0,0,0,0,0,0
01RKPNF,0,0,0,0,0,0,0,1,1,0,0,0,1
01VHXMZ,0,0,0,0,0,0,0,0,0,0,0,0,0
06AXFOD,0,0,0,0,0,0,0,0,0,0,0,0,0
01VOIPX,0,0,0,0,0,0,0,0,0,0,0,0,0
01TVCND,0,0,0,0,0,0,0,1,0,0,0,0,0
01DVMNW,0,0,0,1,0,0,0,1,1,0,1,0,1
01RVPMX,0,0,0,0,0,0,0,0,0,0,0,0,0
01NRWOQ,0,0,0,0,0,0,0,0,0,0,0,0,0
01VOVPQ,0,0,0,0,0,0,0,0,0,0,0,0,0
01PEBPH,0,0,0,0,0,0,0,0,0,0,0,0,0
04GDEMV,0,0,0,0,0,0,0,0,0,0,0,0,0
01HFTBG,0,0,0,0,0,0,0,0,0,0,0,0,0
01TVPOQ,0,0,0,0,0,0,0,0,1,0,0,0,0
04KRRPF,0,0,0,0,0,0,0,0,0,0,0,0,0
01RVONF,0,0,0,0,1,0,0,1,0,0,0,0,0
02PMUPX,0,0,0,0,0,0,0,0,0,0,0,0,0
01OTPPW,0,0,0,0,0,0,0,0,0,0,0,0,0
14APGMB,0,0,0,0,0,0,0,0,0,0,0,0,0
02NKFNL,0,0,0,0,1,0,0,0,0,0,0,0,0
25OBVMT,0,0,0,0,0,0,0,0,0,0,0,0,0
01OUWNG,0,0,0,0,0,0,0,0,0,0,0,0,0
01TWOBG,0,0,0,0,0,0,0,0,0,0,0,0,0
01POIOQ,0,0,0,0,0,0,0,0,0,0,0,0,0
07CESPL,0,0,0,0,0,0,0,0,0,0,0,0,0
09BCOMC,0,0,0,0,0,0,0,0,0,0,0,0,0
03UEWQA,0,0,0,0,0,0,0,0,0,0,0,0,0
01VLKLH,0,0,0,0,0,0,0,0,0,0,0,0,0
01RKCMB,0,0,0,0,0,0,0,0,0,0,0,0,0
01VKEMX,0,0,0,0,0,0,0,0,0,0,0,0,0
01VLRTE,0,0,0,0,0,0,0,0,0,0,0,0,0
02OAENL,0,0,0,0,0,0,0,0,0,0,0,0,0
01TVXQW,0,0,0,0,0,0,0,0,0,0,0,0,0
14BHDQR,0,0,0,0,0,0,0,0,0,0,0,0,0
15AHMNX,0,0,0,0,0,0,0,0,0,0,0,0,0
01TXQMW,0,0,0,0,0,0,0,0,0,0,0,0,0
09IHRMN,0,0,0,0,0,0,0,0,0,0,0,0,0
01QWRBH,0,0,0,0,0,0,0,0,0,0,0,0,0
01PEGOQ,0,0,0,0,0,0,0,0,0,0,0,0,0
01NWMOQ,0,0,0,0,0,0,0,0,0,0,0,0,0
01NZRMV,0,0,0,0,0,0,0,0,0,0,0,0,0
01VPBPQ,0,0,0,0,0,0,0,0,0,0,0,0,0
14KYQLM,0,0,0,0,0,0,0,0,0,0,0,0,0
01VOQPQ,0,0,0,0,0,0,0,1,0,0,0,0,0
01TUOPH,0,0,0,0,0,0,0,0,0,0,0,0,0
04CFRMO,0,0,0,0,0,0,0,0,0,0,0,0,0
01USBMC,0,0,0,0,0,0,0,0,0,0,0,0,0
03RUMPQ,0,0,0,0,0,0,0,0,0,0,0,0,0
07CHWPI,0,0,0,0,0,0,0,0,0,0,0,0,0
04EOEQA,1,0,0,0,0,0,0,1,0,0,0,0,0
16IBNMC,0,0,0,0,0,0,0,0,0,0,0,0,0
02USCNF,0,0,0,0,0,0,0,0,0,0,0,0,0
01VJMLS,0,0,0,0,0,0,0,0,0,0,0,0,0
01APBPE,0,0,0,0,0,0,0,0,0,0,0,0,0
04KWQLI,0,0,0,0,0,0,0,0,0,0,0,0,0
17AXOMB,0,0,0,0,0,0,0,0,0,0,0,0,0
07LKINL,0,0,0,0,0,0,0,0,0,0,0,0,0
02VAJQD,0,0,0,0,0,0,0,0,0,0,0,0,0
01VORPQ,0,0,0,0,0,0,0,0,0,0,0,0,0
08BHXNF,0,0,0,0,0,0,0,0,0,0,0,0,0
01TYMOV,0,0,0,0,0,0,0,0,0,0,0,0,0
01HHYUT,0,0,0,0,0,0,0,0,0,0,0,0,0
03PENNC,0,0,0,0,0,0,0,0,0,0,0,0,0
01CWHOD,0,0,0,0,0,0,0,0,0,0,0,0,0
06CKPMC,0,0,0,0,0,0,0,0,0,0,0,0,0
01GDPPQ,0,0,0,0,0,0,0,0,0,0,0,0,0
02MAYNW,0,0,0,0,1,0,0,0,0,0,0,0,0
01UTLMH,0,0,0,0,0,0,0,0,0,0,0,0,0
06KWRJM,0,0,0,0,0,0,0,0,0,0,0,0,0
09ARHPL,0,0,0,0,0,0,0,0,0,0,0,0,0
01UDSOV,0,0,0,0,0,0,0,0,0,0,0,0,0
01DESNE,0,0,0,0,0,0,0,0,0,0,0,0,0
02UWGQA,0,0,0,0,0,0,0,1,0,0,0,0,0
03LTJNX,0,0,0,0,0,0,0,0,0,0,0,0,0
03CWRMO,0,0,0,0,0,0,0,0,0,0,0,0,0
01VQELU,0,0,0,0,0,0,0,0,0,0,0,0,0
07ICPMT,0,0,0,0,0,0,0,0,0,0,0,0,0
02MTKNX,0,0,0,0,0,0,0,0,0,0,0,0,0
01HETUT,0,0,0,0,0,0,0,0,0,0,0,0,0
01SOVBH,0,0,0,0,0,0,0,0,0,0,0,0,0
01LMGLO,0,0,0,0,0,0,0,0,0,0,0,0,0
01TWKND,0,0,0,0,1,0,0,1,0,0,0,0,0
08KXXJM,0,0,0,0,0,0,0,0,0,0,0,0,0
32IBNNX,0,0,0,0,0,0,0,0,0,0,0,0,0
01UABLH,0,0,0,0,0,0,0,0,0,0,0,0,0
02CUGNB,0,0,0,0,0,0,0,0,0,0,0,0,0
01DEEJM,0,0,0,0,0,0,0,0,0,0,0,0,0
01RXNMV,0,0,0,0,0,0,0,0,0,0,0,0,0
01HFPOV,0,0,0,0,0,0,0,0,0,0,0,0,0
01NPSOQ,0,0,0,0,0,0,0,0,0,0,0,0,0
01TVZQW,0,0,0,0,0,0,0,0,0,0,0,0,0
05MBRQD,0,0,0,0,0,0,0,0,0,0,0,0,0
22ACIMK,0,0,0,0,0,0,0,0,0,0,0,0,0
07LKILX,0,0,0,0,0,0,0,0,0,0,0,0,0
01VKFMX,0,0,0,0,0,0,0,0,0,0,0,0,0
01VMPTE,0,0,0,0,0,0,0,0,0,0,0,0,0
01THATC,0,0,0,0,0,0,0,0,0,0,0,0,0
07LKIPM,0,0,0,0,0,0,0,0,0,0,0,0,0
04LSLQW,0,0,0,0,0,0,0,0,0,0,0,0,0
01QYPPG,0,0,0,0,0,0,0,0,0,0,0,0,0
12ICSPQ,0,0,0,0,0,0,0,0,0,0,0,0,0
01QWTBH,0,0,0,0,0,0,0,0,0,0,0,0,0
05OGDLP,0,0,0,0,0,0,0,0,0,0,0,0,0
07LKIOA,0,0,0,0,0,0,0,0,0,0,0,0,0
02THKTC,0,0,0,0,0,0,0,0,0,0,0,0,0
22EBHPG,0,0,0,0,0,0,0,0,0,0,0,0,0
04ROVQA,0,0,0,0,0,0,0,0,0,0,0,0,0
01OIHOD,0,0,0,0,0,0,0,0,0,0,0,0,0
03RMING,0,0,0,0,0,0,0,0,0,0,0,0,0
66ICPOV,0,0,0,0,0,0,0,0,0,0,0,0,0
01VKUVA,0,0,0,0,0,0,0,0,0,0,0,0,0
03PTBTE,0,0,0,0,0,0,0,0,0,0,0,0,0
14BHDMC,0,0,0,0,0,0,0,0,0,0,0,0,0
01PPPNG,0,0,0,0,0,0,0,0,0,0,0,0,0
01DVLNW,0,0,0,0,0,0,0,0,0,0,0,0,0
23ACIMO,0,0,0,0,0,0,0,0,0,0,0,0,0
05BQXMQ,0,0,0,0,0,0,0,0,0,0,0,0,0
01NOYOV,0,0,0,0,0,0,0,0,0,0,0,0,0
22EBHPE,0,0,0,0,0,0,0,0,0,0,0,0,0
04TZHOV,0,0,0,0,0,0,0,0,0,0,0,0,0
01UTOMH,0,0,0,0,0,0,0,0,0,0,0,0,0
01QKLPG,0,0,0,0,0,0,0,0,0,0,0,0,0
03BHRMC,0,0,0,0,0,0,0,0,0,0,0,0,0
01UCYPE,0,0,0,0,0,0,0,0,0,0,0,0,0
23EBHPD,0,0,0,0,0,0,0,0,0,0,0,0,0
02GKEMB,0,0,0,0,0,0,0,0,0,0,0,0,0
02SUDLU,0,0,0,0,0,0,0,0,0,0,0,0,0
04LNLLN,0,0,0,0,0,0,0,0,0,0,0,0,0
01VLUTE,0,0,0,0,0,0,0,0,0,0,0,0,0
11CKRPW,0,0,0,0,0,0,0,0,0,0,0,0,0
01SRMMT,0,0,0,0,0,0,0,0,0,0,0,0,0
03CYZTC,0,0,0,0,0,0,0,0,0,0,0,0,0
20AXPNX,0,0,0,0,0,0,0,0,0,0,0,0,0
16AHMMO,0,0,0,0,0,0,0,0,0,0,0,0,0
03KXTJM,0,0,0,0,0,0,0,0,0,0,0,0,0
15AXOPL,0,0,0,0,0,0,0,0,0,0,0,0,0
16ACFOD,0,0,0,0,0,0,0,0,0,0,0,0,0
01HEYUS,0,0,0,0,0,0,0,0,0,0,0,0,0
02MUXMZ,0,0,0,0,0,0,0,0,0,0,0,0,0
15CDUOA,0,0,0,0,0,0,0,0,0,0,0,0,0
02OGGPC,0,0,0,0,0,0,0,0,0,0,0,0,0
01SQJOV,0,0,0,0,0,0,0,0,0,0,0,0,0
01URWOV,0,0,0,0,0,0,0,0,0,0,0,0,0
01GZCUV,0,0,0,0,0,0,0,0,0,0,0,0,0
02TVTLO,0,0,0,0,0,0,0,0,0,0,0,0,0
16BNMLX,0,0,0,0,0,0,0,0,0,0,0,0,0
01CWHOA,0,0,0,0,0,0,0,0,0,0,0,0,0
01RRIOD,0,0,0,0,0,0,0,0,0,0,0,0,0
01PDWOV,0,0,0,0,0,0,0,0,0,0,0,0,0
02STWLU,0,0,0,0,0,0,0,0,0,0,0,0,0
02IHZMT,0,0,0,0,0,0,0,0,0,0,0,0,0
01USPLO,0,0,0,0,0,0,0,0,0,0,0,0,0
01QZCQR,0,0,0,0,0,0,0,0,0,0,0,0,0
01CPBMC,0,0,0,0,0,0,0,0,0,0,0,0,0
01URCPG,0,0,0,0,0,0,0,0,0,0,0,0,0
03KYQLI,0,0,0,0,0,0,0,0,0,0,0,0,0
09MSYNF,0,0,0,0,0,0,0,0,0,0,0,0,0
01RVBQA,0,0,1,0,0,0,0,1,0,0,0,0,0
01UUNNB,0,0,1,0,1,0,0,0,0,0,0,0,1
03PAUQA,0,0,0,0,0,0,0,0,0,0,0,0,0
01QXZPD,0,0,0,0,0,0,0,0,0,0,0,0,0
02CIXPG,0,0,0,0,0,0,0,0,0,0,0,0,0
32IBNOA,0,0,0,0,0,0,0,0,0,0,0,0,0
01RVLNF,0,0,0,0,0,0,0,1,0,0,0,0,0
03KYQLN,0,0,0,0,0,0,0,0,0,0,0,0,0
01TVJND,0,0,0,0,1,0,0,0,0,0,0,1,1
07LKIPI,0,0,0,0,0,0,0,0,0,0,0,0,0
15EBGBH,0,0,0,0,0,0,0,0,0,0,0,0,0
01UDNOV,0,0,0,0,0,0,0,0,0,0,0,0,0
01RMGMQ,0,0,0,0,0,0,0,0,0,0,0,0,0
03NBRLH,0,0,0,0,0,0,0,0,0,0,0,0,0
01UUONB,0,0,0,0,0,0,0,0,0,0,0,0,0
23EBHMV,0,0,0,0,0,0,0,0,0,0,0,0,0
03QXFMW,0,0,0,0,0,0,0,0,0,0,0,0,0
01DSNBG,0,0,0,0,0,0,0,0,0,0,0,0,0
01GDMTE,0,0,0,0,0,0,0,0,0,0,0,0,0
01RKCMA,0,0,0,0,0,0,0,0,0,0,0,0,0
01TVWQW,0,0,0,0,0,0,0,0,0,0,0,0,0
01VKDVA,0,0,0,0,0,0,0,0,0,0,0,0,0
01LWRLU,0,0,0,0,0,0,0,0,0,0,0,0,0
02OUXOQ,0,0,0,0,0,0,0,0,0,0,0,0,0
66CWHNC,0,0,0,0,0,0,0,0,0,0,0,0,0
01RKCMH,0,0,0,0,0,0,0,0,0,0,0,0,0
01TGVTC,0,0,0,0,0,0,0,0,0,0,0,0,0
01USBMO,0,0,0,0,0,0,0,0,0,0,0,0,0
16ACFNM,0,0,0,0,0,0,0,0,0,0,0,0,0
27IDFPG,0,0,0,0,0,0,0,0,0,0,0,0,0
01VLHMC,0,0,0,0,0,0,0,0,0,0,0,0,0
01VJJMA,0,0,0,0,0,0,0,0,0,0,0,0,0
01HIJQW,0,0,0,0,0,0,0,0,0,0,0,0,0
01PERMT,0,0,0,0,0,0,0,0,0,0,0,0,0
01UOVPG,0,0,0,0,0,0,0,0,0,0,0,0,0
01UAJLH,0,0,0,0,0,0,0,0,0,0,0,0,0
07LKILN,0,0,0,0,0,0,0,0,0,0,0,0,0
01DTFSM,0,0,0,0,0,0,0,0,0,0,0,0,0
16ACFNX,0,0,0,0,0,0,0,0,0,0,0,0,0
02TXLOV,0,0,0,0,0,0,0,0,0,0,0,0,0
16IBNPI,0,0,0,0,0,0,0,0,0,0,0,0,0
01UGMPX,0,0,0,0,0,0,0,0,0,0,0,0,0
01RLBPG,0,0,0,0,0,0,0,0,0,0,0,0,0
04OSGMQ,0,0,0,0,0,0,0,0,0,0,0,0,0
01VKIVA,0,0,0,0,0,0,0,0,0,0,0,0,0
07LKIMH,0,0,0,0,0,0,0,0,0,0,0,0,0
01TUIPD,0,0,0,0,0,0,0,0,0,0,0,0,0
03UEWSM,0,0,0,0,0,0,0,0,0,0,0,0,0
01NMCQD,0,0,0,0,0,0,0,0,0,0,0,0,0
22EBHPD,0,0,0,0,0,0,0,0,0,0,0,0,0
22ACIMB,0,0,0,0,0,0,0,0,0,0,0,0,0
01VOMPQ,0,0,0,0,0,0,0,0,0,0,0,0,0
02KQEPD,0,0,0,0,0,0,0,0,0,0,0,0,0
01TXLSM,0,0,0,0,0,0,0,0,0,0,0,0,0
02FEQPC,0,0,0,0,0,0,0,0,0,0,0,0,0
06MSYLO,0,0,0,0,0,0,0,0,0,0,0,0,0
01HLZNF,0,0,0,0,0,0,0,0,0,0,0,0,0
03OFTLI,0,0,0,0,0,0,0,0,0,0,0,0,0
01HGHUU,0,0,0,0,0,0,0,0,0,0,0,0,0
18MSYPX,0,0,0,0,0,0,0,0,0,0,0,0,0
02UEWOQ,0,0,0,0,0,0,0,0,0,0,0,0,0
66CWHMZ,0,0,0,0,0,0,0,0,0,0,0,0,0
01NWDBH,0,0,0,0,0,0,0,0,0,0,0,0,0
04LTMLP,0,0,0,0,0,0,0,0,0,0,0,0,0
03RWSMZ,0,0,0,0,0,0,0,0,0,0,0,0,0
08KSIPC,0,0,0,0,0,0,0,0,0,0,0,0,0
18AULMA,0,0,0,0,0,0,0,0,0,0,0,0,0
01NWDQW,0,0,0,0,0,0,0,0,0,0,0,0,0
16ACFMB,0,0,0,0,0,0,0,0,0,0,0,0,0
01SYJPW,0,0,0,0,0,0,0,0,0,0,0,0,0
04LONLN,0,0,0,0,0,0,0,0,0,0,0,1,0
05KXWTR,0,0,0,0,0,0,0,0,0,0,0,0,0
01RWKNF,0,0,0,0,0,0,0,0,0,0,0,0,0
02CBRPL,0,0,0,0,0,0,0,0,0,0,0,0,0
01NQWMQ,0,0,0,0,0,0,0,0,0,0,0,0,0
01VIPTC,0,0,0,0,0,0,0,0,0,0,0,0,0
01SPOPF,0,0,0,0,0,0,0,0,0,0,0,0,0
02CFTLS,0,0,0,0,0,0,0,0,0,0,0,0,0
06KSDPF,0,0,0,0,0,0,0,0,0,0,0,0,0
03RMHPF,0,0,0,0,0,0,0,0,0,0,0,0,0
01MOFOD,0,0,0,0,0,0,0,0,0,0,0,0,0
01RUUQA,0,0,0,0,0,0,0,0,0,0,0,0,0
01VJTPG,0,0,0,0,0,0,0,0,0,0,0,0,0
01VNNPX,0,0,0,0,0,0,0,0,0,0,0,0,0
06LPYUV,0,0,0,0,0,0,0,0,0,0,0,0,0
02KXULI,0,0,0,0,0,0,0,0,0,0,0,0,0
04JPYPH,0,0,0,0,0,0,0,0,0,0,0,0,0
01NFLMW,0,0,0,0,0,0,0,0,0,0,0,0,0
04CYJPQ,0,0,0,0,0,0,0,0,0,0,0,0,0
01VKRMX,0,0,1,0,0,0,0,1,0,0,1,0,0
03MUSMK,0,1,0,0,1,0,0,0,0,0,0,0,1
23CWHMN,0,0,0,0,0,0,0,0,0,0,0,0,0
03BOWNG,0,0,0,0,0,0,0,0,0,0,0,0,0
01NIIMN,0,0,0,0,0,0,0,0,0,0,0,0,0
16ACFLX,0,0,0,0,0,0,0,0,0,0,0,0,0
01OAJQD,0,0,0,0,0,0,0,0,0,0,0,0,0
06IHQMN,0,0,0,0,0,0,0,0,0,0,0,0,0
01NKUNC,0,0,0,0,0,0,0,0,0,0,0,0,0
01NNMOQ,0,0,0,0,0,0,0,0,0,0,0,0,0
02OBWPH,0,0,0,0,0,0,0,0,0,0,0,0,0
01HFGUS,0,0,0,0,0,0,0,0,0,0,0,0,0
01TXASM,0,0,0,0,0,0,0,0,0,0,0,0,0
02THJTC,0,0,0,0,0,0,0,0,0,0,0,0,0
02UEWPQ,0,0,0,0,0,0,0,0,0,0,0,0,0
02TYAUV,0,0,0,0,0,0,0,0,0,0,0,0,0
09ARHPI,0,0,0,0,0,0,0,0,0,0,0,0,0
01OCDLU,0,0,0,0,0,0,0,0,0,0,0,0,0
01SYAMH,0,0,0,0,0,0,0,0,0,0,0,0,0
10CWHPC,0,0,0,0,0,0,0,0,0,0,0,0,0
01NOPPE,0,0,0,0,0,0,0,0,0,0,0,0,0
01VMYPQ,0,0,0,0,0,0,0,0,0,0,0,0,0
01MODOD,0,0,0,0,0,0,0,0,0,0,0,0,0
04GSPOV,0,0,0,0,0,0,0,0,0,0,0,0,0
02NKUOD,0,0,0,0,0,0,0,0,0,0,0,0,0
01UULPW,0,0,0,0,0,0,0,0,0,0,0,0,0
01VKMMX,0,0,0,0,0,0,0,0,0,0,0,0,0
08AQGNL,0,0,0,0,0,0,0,0,0,0,0,0,0
14BHDOA,0,0,0,0,0,0,0,0,0,0,0,0,0
02LPNOQ,0,0,0,0,0,0,0,0,0,0,0,0,0
01UQNNC,0,0,0,0,0,0,0,0,0,0,0,1,0
16CFOMC,0,0,0,0,0,0,0,0,0,0,0,0,0
04OIHNX,0,0,0,0,0,0,0,0,0,0,0,0,0
01VIDTD,0,0,0,0,1,0,0,0,0,0,0,0,1
01VPJPQ,0,0,1,0,0,0,0,1,0,0,0,0,0
01RVPVA,0,0,0,0,0,0,0,0,0,0,0,0,0
01SHUQA,0,0,0,0,0,0,0,0,0,0,0,0,0
01PNONX,0,0,0,0,0,0,0,0,0,0,0,0,0
01NFBLZ,0,0,0,0,0,0,0,0,0,0,0,0,0
02OJPLM,0,0,0,0,0,0,0,0,0,0,0,0,0
03BUJMT,0,0,0,0,0,0,0,0,0,0,0,0,0
01UTKMH,0,0,0,0,0,0,0,0,0,0,0,0,0
02LQDOV,0,0,0,0,0,0,0,0,0,0,0,0,0
04TZJOV,0,0,0,0,0,0,0,0,0,0,0,0,0
01DSHOV,0,0,0,0,0,0,0,0,0,0,0,0,0
06AULMB,0,0,0,0,0,0,0,0,0,0,0,0,0
01VLYPX,0,0,0,0,0,0,0,0,0,0,0,0,0
20AXPLN,0,0,0,0,0,0,0,0,0,0,0,0,0
01SUEPM,0,0,0,0,0,0,0,0,0,0,0,0,0
02BOKLS,0,0,0,0,0,0,0,0,0,0,0,0,0
09VAJNF,0,0,0,0,0,0,0,0,0,0,0,0,0
01DVJNW,0,0,0,0,0,0,0,0,0,0,0,0,0
01TVAND,0,0,0,0,1,0,0,0,0,0,0,0,0
03FMCPW,0,0,0,0,0,0,0,0,0,0,0,0,0
01NLALI,0,0,0,0,0,0,0,0,0,0,0,0,0
09BQXOA,0,0,0,0,0,0,0,0,0,0,0,0,0
01PNRLP,0,0,0,0,0,0,0,0,0,0,0,0,0
01GZRQA,0,0,0,0,0,0,0,0,0,0,0,0,0
01VKHVA,0,0,0,0,0,0,0,0,0,0,0,0,0
01PDYPG,0,0,0,0,0,0,0,0,0,0,0,0,0
01POHOQ,0,0,0,0,0,0,0,0,0,0,0,0,0
03LTJLP,0,0,0,0,0,0,0,0,0,0,0,0,0
09MSYTR,0,0,0,0,0,0,0,0,0,0,0,0,0
02UEWPE,0,0,0,0,0,0,0,0,0,0,0,0,0
26AGIMW,0,0,0,0,0,0,0,0,0,0,0,0,0
07LKINM,0,0,0,0,0,0,0,0,0,0,0,0,0
01VNTPX,1,0,0,0,1,0,0,1,0,0,0,0,0
17AXOMO,0,0,0,0,0,0,0,0,0,0,0,0,0
14CKRMC,0,0,0,0,0,0,0,0,0,0,0,0,0
17AXOLZ,0,0,0,0,0,0,0,0,0,0,0,0,0
02THHTC,0,0,0,0,0,0,0,0,0,0,0,0,0
16ACFMQ,0,0,0,0,0,0,0,0,0,0,0,0,0
04OULMZ,1,0,0,1,1,0,0,1,1,1,1,0,1
02JGXUS,0,0,0,0,0,0,0,0,0,0,0,0,0
09AQGPG,0,0,0,0,0,0,0,0,0,0,0,0,0
01USFLO,0,0,0,0,0,0,0,0,0,0,0,0,0
01TVRQW,0,0,0,0,0,0,0,0,0,0,0,0,0
01VHWTD,0,0,0,0,0,0,0,0,0,0,0,0,0
01QYWNL,0,0,0,0,0,0,0,0,0,0,0,0,0
01HGSNF,0,0,0,0,0,0,0,0,0,0,0,0,0
16IBNLS,0,0,0,0,0,0,0,0,0,0,0,0,0
01TWQBG,0,0,0,0,0,0,0,0,0,0,0,0,0
01PBUPE,0,0,0,0,0,0,0,0,0,0,0,0,0
17AXOMN,0,0,0,0,0,0,0,0,0,0,0,0,0
05SQZNF,0,0,1,0,0,0,0,1,0,0,0,0,1
02MTJPO,0,0,0,0,1,0,0,1,0,0,0,0,0
01GDMPQ,0,0,0,0,0,0,0,0,0,0,0,0,0
02KSDPF,0,0,0,0,0,0,0,0,0,0,0,0,0
04OULNF,1,0,0,1,1,0,0,1,1,1,1,0,1
02LRKMV,0,0,0,0,0,0,0,0,0,0,0,0,0
58ICPPM,0,0,0,0,0,0,0,0,0,0,0,0,0
01VMXTE,0,0,0,0,0,0,0,0,0,0,0,0,0
02OQJNL,0,0,0,0,0,0,0,0,0,0,0,0,0
01PORMV,0,0,0,0,0,0,0,0,0,0,0,0,0
01DSQBG,0,0,0,0,0,0,0,0,0,0,0,0,0
03NQMPF,0,0,0,0,0,0,0,0,0,0,0,0,0
04OAGQD,0,0,0,0,0,0,0,0,0,0,0,0,0
01VOJPX,1,0,1,0,1,0,0,1,1,0,1,0,0
03OAIQW,0,0,0,0,0,0,0,0,0,0,0,0,0
01NVLOQ,0,0,0,0,0,0,0,0,0,0,0,0,0
22EBHNE,0,0,0,0,0,0,0,0,0,0,0,0,0
14BHDNM,0,0,0,0,0,0,0,0,0,0,0,0,0
05OBVPD,0,0,0,0,0,0,0,0,0,0,0,0,0
01GZAUV,0,0,0,0,0,0,0,0,0,0,0,0,0
01TWQOQ,0,0,0,0,0,0,0,0,0,0,0,0,0
01DSOBG,0,0,0,0,0,0,0,0,0,0,0,0,0
02SYKLH,0,0,0,0,0,0,0,0,0,0,0,0,0
26IBNMB,0,0,0,0,0,0,0,0,0,0,0,0,0
02UTVPW,0,0,0,0,0,0,0,0,0,0,0,0,0
08CESNM,0,0,0,0,0,0,0,0,0,0,0,0,0
02PCYQW,0,0,0,0,0,0,0,0,0,0,0,0,0
01RKGNE,0,0,0,0,0,0,0,0,0,0,0,0,0
16IBNNL,0,0,0,0,0,0,0,0,0,0,0,0,0
01VKZMX,0,0,0,0,0,0,0,0,0,0,0,0,0
63ICPOV,0,0,0,0,0,0,0,0,0,0,0,0,0
17AXOLN,0,0,0,0,0,0,0,0,0,0,0,0,0
02BPLNE,0,0,0,0,0,0,0,0,0,0,0,0,0
01SPCPF,0,0,0,0,0,0,0,0,0,0,0,0,0
02NPSOV,0,0,0,0,0,0,0,0,0,0,0,0,0
01SUHLU,0,0,0,0,0,0,0,0,0,0,0,0,0
05LLZLU,0,0,0,0,0,0,0,0,0,0,0,0,0
01VKCMX,0,0,0,0,0,0,0,0,0,0,0,0,0
15MBRNF,0,0,0,0,0,0,0,0,0,0,0,0,0
01VKCVA,0,0,0,0,0,0,0,0,0,0,0,0,0
22ACILZ,0,0,0,0,0,0,0,0,0,0,0,0,0
01UWFNG,0,0,0,0,0,0,0,0,0,0,0,0,0
02QYZNM,0,0,0,0,0,0,0,0,0,0,0,0,0
01VOFPX,0,0,1,0,1,0,0,1,1,1,0,0,0
02KQEOV,0,0,0,0,0,0,0,0,0,0,0,0,0
01UUUNB,1,0,0,1,1,0,0,0,0,0,0,0,1
15AHMOA,0,0,0,0,0,0,0,0,0,0,0,0,0
02QZSND,0,0,0,0,0,0,0,0,0,0,0,0,0
01VHVTD,0,0,0,0,0,0,0,0,0,0,0,0,0
19MSYUV,0,0,0,0,0,0,0,0,0,0,0,0,0
01RXYVA,0,0,0,0,0,0,0,0,0,0,0,0,0
01USBOA,0,0,0,0,0,0,0,0,0,0,0,0,0
78CWHTE,0,0,0,0,0,0,0,0,0,0,0,0,0
49ICPMX,0,0,0,0,0,0,0,0,0,0,0,0,0
01LMGNW,0,0,0,0,0,0,0,0,0,0,0,0,0
01PNOPC,0,0,0,0,0,0,0,0,0,0,0,0,0
01HMKND,0,0,0,0,0,0,0,0,0,0,0,0,0
10IHQMO,0,0,0,0,0,0,0,0,0,0,0,0,0
04CFRMB,0,0,0,0,0,0,0,0,0,0,0,0,0
01HFVQW,0,0,0,0,0,0,0,0,0,0,0,0,0
01NTCQA,0,0,0,0,0,0,0,0,0,0,0,0,0
10CWHLS,0,0,0,0,0,0,0,0,0,0,0,0,0
03UEWND,0,0,0,0,0,0,0,0,0,0,0,0,0
01RUTQA,1,0,0,0,0,0,0,1,0,0,0,0,0
02MIVOQ,0,0,0,0,0,0,0,0,0,0,0,0,0
01VPEPQ,0,0,0,0,0,0,0,0,0,0,0,0,0
01DEELP,0,0,0,0,0,0,0,0,0,0,0,0,0
01PUCND,0,0,0,0,0,0,0,0,0,0,0,0,0
01TVKND,0,0,0,0,1,0,0,1,0,0,0,0,1
01QVTLP,0,0,0,0,0,0,0,0,0,0,0,0,0
01RKCOA,0,0,0,0,0,0,0,0,0,0,0,0,0
02EGVTC,0,0,0,0,0,0,0,0,0,0,0,0,0
01NKZLN,0,0,0,0,0,0,0,0,0,0,0,0,0
01VLGVA,0,0,0,0,0,0,0,0,0,0,0,0,0
13OCDLU,0,0,0,0,0,0,0,0,0,0,0,0,0
02STQLU,0,0,0,0,0,0,0,0,0,0,0,0,0
28IDGNG,0,0,0,0,0,0,0,0,0,0,0,0,0
03MNIVA,0,0,0,0,0,0,0,0,0,0,0,0,0
01NPMPE,0,0,0,0,0,0,0,0,0,0,0,0,0
01TXISM,0,0,0,0,0,0,0,0,0,0,0,0,0
14AFQMQ,0,0,0,0,0,0,0,0,0,0,0,0,0
01UUYNB,0,0,0,0,0,0,0,1,0,0,0,0,0
01NNIOQ,0,0,0,0,0,0,0,0,0,0,0,0,0
01UYBLU,0,0,0,0,0,0,0,1,0,0,0,0,0
03MDZLO,0,0,0,0,0,0,0,0,0,0,0,0,0
21OBVMT,0,0,0,0,0,0,0,0,0,0,0,0,0
01TXBSM,0,0,0,0,0,0,0,0,0,0,0,0,0
01GYCOA,0,0,0,0,0,0,0,0,0,0,0,0,0
07LKIMO,0,0,0,0,0,0,0,0,0,0,0,0,0
01PDFQW,0,0,0,0,0,0,0,0,0,0,0,0,0
04PAUMZ,0,0,0,0,0,0,0,0,0,0,0,0,0
01TXXSM,0,0,0,0,0,0,0,0,0,0,0,0,0
01QXHMW,0,0,0,0,1,0,0,0,1,1,0,0,0
01VNKPX,0,0,0,0,0,0,0,0,0,0,0,0,0
01HHHPG,0,0,0,0,0,0,0,0,0,0,0,0,0
01PPLPM,0,0,0,0,0,0,0,0,0,0,0,0,0
22EBHND,0,0,0,0,0,0,0,0,0,0,0,0,0
01PEUMT,0,0,0,0,0,0,0,0,0,0,0,0,0
01HGBUU,0,0,0,0,0,0,0,0,0,0,0,0,0
01SQPOV,0,0,0,0,0,0,0,0,0,0,0,0,0
23ICWMT,0,0,0,0,0,0,0,0,0,0,0,0,0
01USLLO,0,0,0,0,0,0,0,0,0,0,0,0,0
03KCBMV,0,0,0,0,0,0,0,0,0,0,0,0,0
02MCCTR,0,0,0,0,0,0,0,0,0,0,0,0,0
01HEJUU,0,0,0,0,0,0,0,0,0,0,0,0,0
01TUPNC,0,0,0,0,0,0,0,0,0,0,0,0,0
02EYONL,0,0,0,0,0,0,0,0,0,0,0,0,0
02ELJTC,0,0,0,0,0,0,0,0,0,0,0,0,0
01UDELH,0,0,0,0,0,0,0,0,0,0,0,0,0
06PAUNM,0,0,0,0,0,0,0,0,0,0,0,0,0
17AXOLX,0,0,0,0,0,0,0,0,0,0,0,0,0
02ODKNF,0,0,0,0,0,0,0,0,1,0,0,0,0
04PAUTE,0,0,0,0,0,0,0,0,0,0,0,0,0
02MCCLU,0,0,0,0,0,0,0,0,0,0,0,0,0
04BSNLX,0,0,0,0,0,0,0,0,0,0,0,0,0
03RUUQA,0,0,0,0,0,0,0,0,0,0,0,0,0
01NIMNE,0,0,0,0,0,0,0,1,0,0,0,0,0
01VJKMV,0,0,0,0,0,0,0,1,0,0,0,0,0
78CWHPQ,0,0,0,0,0,0,0,0,0,0,0,0,0
03AHXMB,0,0,0,0,0,0,0,0,0,0,0,0,0
01HGTNF,0,0,0,0,0,0,0,0,0,0,0,0,0
01GDPTE,0,0,0,0,0,0,0,0,0,0,0,0,0
01SQUMT,0,0,0,0,0,0,0,0,0,0,0,0,0
06KWRLI,0,0,0,0,0,0,0,0,0,0,0,0,0
01VJWNG,0,0,0,0,0,0,0,0,0,0,0,0,0
01NNEOV,0,0,0,0,0,0,0,0,0,0,0,0,0
04RVQNW,0,0,0,0,0,0,0,0,0,0,0,0,0
06LTHNX,0,0,0,0,0,0,0,0,0,0,0,0,0
03FMCNF,0,0,0,0,0,0,0,0,0,0,0,0,0
01NPLPE,0,0,0,0,0,0,0,0,0,0,0,0,0
02VKVMX,0,0,0,0,0,0,0,0,0,0,0,0,0
18MSYTE,0,0,0,0,0,0,0,0,0,0,0,0,0
48ICPMX,0,0,0,0,0,0,0,0,0,0,0,0,0
05BVCOQ,0,0,0,0,0,0,0,0,0,0,0,0,0
01OKTPD,0,0,0,0,0,0,0,0,0,0,0,0,0
04LNLLI,0,0,0,0,0,0,0,0,0,0,0,0,0
01NLGJM,0,0,0,0,0,0,0,0,0,0,0,0,0
01VJGNE,0,0,0,0,0,0,0,0,0,0,0,0,0
01USBLS,0,0,0,0,0,0,0,0,0,0,0,0,0
01NBAPG,0,0,0,0,0,0,0,0,0,0,0,0,0
01UQWMV,0,0,0,0,0,0,0,0,0,0,0,0,0
01VMNPX,0,0,0,0,0,0,0,0,0,0,0,0,0
03NBYLH,0,0,0,0,0,0,0,0,0,0,0,0,0
01UYCLU,0,0,0,0,0,0,0,0,0,0,0,0,0
01PECQW,0,0,0,0,0,0,0,0,0,0,0,0,0
01VIETD,0,0,0,0,0,0,0,0,0,0,0,1,1
12ALPNE,0,0,0,0,0,0,0,0,0,0,0,0,0
01VKGMX,0,0,0,0,0,0,0,0,0,0,0,0,0
05PAUPQ,0,0,0,0,0,0,0,0,0,0,0,0,0
01SYJLH,0,0,0,0,0,0,0,0,0,0,0,0,0
41EBHOQ,0,0,0,0,0,0,0,0,0,0,0,0,0
05BAIMX,0,0,0,0,0,0,0,0,0,0,0,0,0
01APPNC,0,0,0,0,0,0,0,0,0,0,0,0,0
02MSIQD,0,0,0,0,0,0,0,0,0,0,0,0,0
01VJLMZ,0,0,0,0,0,0,0,0,0,0,0,0,0
07ICPOQ,0,0,0,0,0,0,0,0,0,0,0,0,0
34CWHMA,0,0,0,0,0,0,0,0,0,0,0,0,0
01VMJTE,0,0,0,0,0,0,0,0,0,0,0,0,0
01GDPPX,0,0,0,0,0,0,0,0,0,0,0,0,0
05ENCPI,0,0,0,0,0,0,0,0,0,0,1,0,0
04BKTOD,0,0,0,0,0,0,0,0,0,0,0,0,0
02THGTC,0,0,0,0,0,0,0,0,0,0,0,0,0
04LSLLI,0,0,0,0,0,0,0,0,0,0,0,0,0
06KWRLP,0,0,0,0,0,0,0,0,0,0,0,0,0
04JEYLM,0,0,0,0,0,0,0,0,0,0,0,0,0
10MSYQA,0,0,0,0,0,0,0,0,0,0,0,0,0
01HGRNF,0,0,0,0,0,0,0,0,0,0,0,0,0
01TVMND,0,0,0,0,1,0,0,0,0,0,0,0,0
01TWCND,0,0,0,0,0,0,0,0,0,0,0,0,0
02OKIND,0,0,0,0,0,0,0,0,0,0,0,0,0
01VKXMX,0,0,0,0,0,0,0,0,0,0,0,0,0
01PNOMC,0,0,0,0,0,0,0,0,0,0,0,0,0
01GZEUV,0,0,0,0,0,0,0,0,0,0,0,1,0
17AULMK,0,0,0,0,1,0,0,0,0,0,0,0,0
01VKGVA,0,0,0,0,0,0,0,0,0,0,0,0,0
03GJLNE,0,0,0,0,0,0,0,0,0,0,0,0,0
02NZENM,0,1,0,1,1,0,0,1,0,0,1,0,1
16IBNLZ,0,0,0,0,0,0,0,0,0,0,0,0,0
01TZQMW,0,0,0,0,1,0,0,0,0,0,0,0,0
03OCSMW,0,0,0,0,0,0,0,0,0,0,0,0,0
01DRWTR,0,0,0,0,0,0,0,0,0,0,1,0,0
01QYBPD,0,0,0,0,0,0,0,0,0,0,0,0,0
01RARND,0,0,0,0,0,0,0,0,0,0,0,0,0
01DSKBG,0,0,0,0,0,0,0,0,0,0,0,0,0
69ICPMX,0,0,0,0,0,0,0,0,0,0,0,0,0
02MCCLP,0,0,0,0,0,0,0,0,0,0,0,0,0
01CWHLP,0,0,0,0,0,0,0,0,0,0,0,0,0
16IBNPM,0,0,0,0,0,0,0,0,0,0,0,0,0
02BGIMZ,0,0,0,0,0,0,0,0,0,0,0,0,0
08BEKMO,0,0,0,0,0,0,0,0,0,0,0,0,0
04ATINX,0,0,0,0,0,0,0,0,0,0,0,0,0
02JEUOV,0,0,0,0,0,0,0,0,0,0,0,0,0
04AFQPC,0,0,0,0,0,0,0,0,0,0,0,0,0
01URCPH,0,0,0,0,0,0,0,0,0,0,0,0,0
08BQXNX,0,0,0,0,0,0,0,0,0,0,0,0,0
10BOXNG,0,0,0,0,0,0,0,0,0,0,0,0,0
01QNAPL,0,0,0,0,0,0,0,0,0,0,0,0,0
01UXVMH,0,0,0,0,0,0,0,0,0,0,0,0,0
06IHQLN,0,0,0,0,0,0,0,0,0,0,0,0,0
02UEWPG,0,0,0,0,0,0,0,0,0,0,0,0,0
01RKYOV,0,0,0,0,0,0,0,0,0,0,0,0,0
01NVHOQ,0,0,0,0,0,0,0,0,0,0,0,0,0
01PNRTR,0,0,0,0,0,0,0,0,0,0,0,0,0
02NFEMB,0,0,0,0,0,0,0,0,0,0,0,0,0
01USHLO,0,0,0,0,0,0,0,0,0,0,0,0,0
19OBWPH,0,0,0,0,0,0,0,0,0,0,0,0,0
04IEQMQ,0,0,0,0,0,0,0,0,0,0,0,0,0
16AHMMN,0,0,0,0,0,0,0,0,0,0,0,0,0
01SBDNC,0,0,0,0,0,0,0,0,0,0,0,1,0
02SHUQA,0,0,0,0,0,0,0,0,0,0,0,0,0
01UAZPE,0,0,0,0,0,0,0,0,0,0,0,0,0
05AFYMZ,0,0,0,0,0,0,0,0,0,0,0,0,0
01DWNMZ,1,0,0,0,1,0,0,0,0,1,1,0,0
01TWTMK,0,0,0,0,1,0,0,1,1,0,0,0,1
02THOTC,0,0,0,0,0,0,0,0,0,0,0,0,0
01GYJLM,0,0,0,0,0,0,0,0,0,0,0,0,0
10CWHPD,0,0,0,0,0,0,0,0,0,0,0,0,0
07LKIMN,0,0,0,0,0,0,0,0,0,0,0,0,0
02IHSMK,0,0,0,0,0,0,0,0,0,0,0,0,0
19AKSNX,0,0,0,0,0,0,0,0,0,0,0,0,0
04IDGPF,0,0,0,0,0,0,0,0,0,0,0,0,0
01VMWTE,0,0,0,0,0,0,0,0,0,0,0,0,0
03RVGQA,0,0,1,0,0,0,0,0,0,0,0,0,1
01STOPM,0,0,0,0,0,0,0,0,0,0,0,0,0
03FOENE,0,0,0,0,0,0,0,0,0,0,0,0,0
01USQLO,0,0,0,0,0,0,0,0,0,0,0,0,0
04CFRMC,0,0,0,0,0,0,0,0,0,0,0,0,0
01SOXQA,1,0,1,1,1,0,0,1,0,0,0,0,1
01VMBTE,0,0,0,0,0,0,0,0,0,0,0,0,0
14CFOLS,0,0,0,0,0,0,0,0,0,0,0,0,0
01FTJPH,0,0,0,0,0,0,0,0,0,0,0,0,0
01PNRLM,0,0,0,0,0,0,0,0,0,0,0,0,0
01PGEQA,0,0,0,0,0,0,0,0,0,0,0,0,0
01UAXPE,0,0,0,0,0,0,0,0,0,0,0,0,0
01TWZSM,0,0,0,0,0,0,0,0,0,0,0,0,0
07IDFPG,0,0,0,0,0,0,0,0,0,0,0,0,0
01FXFNB,0,0,0,0,0,0,0,0,0,0,0,0,0
01VOEPX,0,0,0,0,0,0,0,0,0,0,0,0,0
01UUVNB,1,0,0,0,0,0,0,1,1,0,0,0,1
03KSDOV,0,0,0,0,0,0,0,0,0,0,0,0,0
02TWYSM,0,0,0,0,0,0,0,0,0,0,0,0,0
01SQMOV,0,0,0,0,0,0,0,0,0,0,0,0,0
01DWSMZ,0,0,0,0,0,0,0,0,0,0,0,0,0
01UVANB,0,0,0,0,0,0,0,0,0,0,0,0,0
14APGLX,0,0,0,0,0,0,0,0,0,0,0,0,0
01URNLM,0,0,0,0,0,0,0,0,0,0,0,0,0
02UEWTE,0,0,0,0,0,0,0,0,0,0,0,0,0
01CFOMH,0,0,0,0,0,0,0,0,0,0,0,0,0
02JNLPW,0,0,0,0,1,0,0,0,0,0,0,0,0
02NLCTR,0,0,0,0,0,0,0,1,0,0,0,0,0
01VNBPX,0,0,0,0,0,0,0,0,0,0,0,0,0
01VQBLU,0,0,0,0,0,0,0,0,0,0,0,0,0
01DSGPC,0,0,0,0,0,0,0,0,0,0,0,0,0
10CWHQW,0,0,0,0,0,0,0,0,0,0,0,0,0
16ACFMA,0,0,0,0,0,0,0,0,0,0,0,0,0
03KYJPH,0,0,0,0,0,0,0,0,0,0,0,0,0
07BOTMN,0,0,0,0,0,0,0,0,0,0,0,0,0
15AHMOD,0,0,0,0,0,0,0,0,0,0,0,0,0
01PNRJM,0,0,0,0,0,0,0,0,0,0,0,0,0
07OBWPH,0,0,0,0,0,0,0,0,0,0,0,0,0
01DRVTR,0,0,1,0,1,0,0,0,0,0,0,0,0
01VIFTD,1,0,0,0,0,0,0,0,0,0,0,0,0
20AXPMA,0,0,0,0,0,0,0,0,0,0,0,0,0
01OJDPH,0,0,0,0,0,0,0,0,0,0,0,0,0
01NWNOQ,0,0,0,0,0,0,0,0,0,0,0,0,0
07LKIMB,0,0,0,0,0,0,0,0,0,0,0,0,0
01VMYTE,0,0,0,0,0,0,0,0,0,0,0,0,0
01TWIND,0,0,0,0,0,0,0,0,0,0,0,0,0
01HFYUU,0,0,0,0,0,0,0,0,0,0,0,0,0
01SOYQA,0,0,0,0,0,0,0,0,0,0,0,0,0
04BHVMX,0,0,0,0,0,0,0,0,0,0,0,0,0
01VKNVA,0,0,0,0,0,0,0,0,0,0,0,0,0
01PNOMA,0,0,0,0,0,0,0,0,0,0,0,0,0
16IBNMA,0,0,0,0,0,0,0,0,0,0,0,0,0
01QYQPH,0,0,0,0,0,0,0,0,0,0,0,0,0
03QLYPQ,0,0,0,0,0,0,0,1,0,0,0,0,0
10MSYTD,0,0,0,0,0,0,0,0,0,0,0,0,0
01VJYMX,0,0,0,0,0,0,0,0,0,0,0,0,0
03QGYND,0,0,0,0,0,0,0,0,0,0,0,0,0
01TXFSM,0,0,0,0,0,0,0,0,0,0,0,0,0
03AAXOA,0,0,0,0,0,0,0,0,0,0,0,0,0
01NLGLI,0,0,0,0,0,0,0,0,0,0,0,0,0
01RKCMC,0,0,0,0,0,0,0,0,0,0,0,0,0
01SYKPW,0,0,0,0,0,0,0,0,0,0,0,0,0
01RKCLN,0,0,0,0,0,0,0,0,0,0,0,0,0
01SRTNF,0,0,0,0,0,0,0,0,1,0,0,0,0
01HLFNF,0,0,1,0,0,0,0,0,0,0,0,0,1
03EXGNE,0,0,0,0,0,0,0,0,1,0,0,1,0
01TWSND,0,0,0,0,0,0,0,0,0,0,0,0,0
01VKYMX,0,0,0,0,0,0,0,0,0,0,0,0,0
01NPSQW,0,0,0,0,0,0,0,0,0,0,0,0,0
01TWPOQ,0,0,0,0,0,0,0,0,0,0,0,0,0
01VJRPH,0,0,0,0,0,0,0,0,0,0,0,0,0
01PNRLI,0,0,0,0,0,0,0,0,0,0,0,0,0
01NWMOV,0,0,0,0,0,0,0,0,0,0,0,0,0
20AXPLS,0,0,0,0,0,0,0,0,0,0,0,0,0
01NEYMA,0,0,0,0,0,0,0,0,0,0,0,0,0
01RKCMK,0,0,0,0,0,0,0,0,0,0,0,0,0
01VLYPQ,0,0,0,0,0,0,0,0,0,0,0,0,0
06MBRNW,0,0,0,0,0,0,0,0,0,0,0,0,0
02KPNOV,0,0,0,0,0,0,0,0,0,0,0,0,0
01UCCPE,0,0,0,0,0,0,0,0,0,0,0,0,0
01SROMU,0,0,0,0,0,0,0,0,0,0,0,0,0
02LVNOQ,0,0,0,0,0,0,0,0,0,0,0,0,0
03PZPTR,0,0,0,0,0,0,0,0,0,0,0,0,0
10CWHLP,0,0,0,0,0,0,0,0,0,0,0,0,0
01SSTPM,0,0,0,0,0,0,0,0,0,0,0,0,0
01GZJQA,0,0,0,0,0,0,0,0,0,0,0,0,0
01HEDUU,0,0,0,0,0,0,0,0,0,0,0,0,0
01UREPD,0,0,0,0,0,0,0,0,0,0,0,0,0
01NKSMV,0,0,0,0,0,0,0,0,0,0,0,0,0
02UCDNF,0,0,1,1,0,0,0,0,1,0,0,1,1
01NOMOQ,0,0,0,0,0,0,0,0,0,0,0,0,0
01SYALZ,0,0,0,0,0,0,0,0,0,0,0,0,0
01HGONF,0,0,0,0,0,0,0,0,0,0,0,0,0
14BHDMO,0,0,0,0,0,0,0,0,0,0,0,0,0
01VJQPH,0,0,0,0,0,0,0,0,0,0,0,0,0
01VNATE,0,0,0,0,0,0,0,0,0,0,0,0,0
01NWDOQ,0,0,0,0,0,0,0,0,0,0,0,0,0
02MOOPC,0,0,0,0,0,0,0,0,0,0,0,0,0
01VOLPX,0,0,1,0,1,0,0,1,1,0,1,0,1
01SUBPM,1,0,0,0,1,0,0,0,0,1,0,0,0
01VIRTC,0,0,0,0,0,0,0,0,0,0,0,0,0
01UBAOQ,0,0,0,0,0,0,0,0,0,0,0,0,0
02KXUJM,0,0,0,0,0,0,0,0,0,0,0,0,0
55CWHLH,0,0,0,0,0,0,0,0,0,0,0,0,0
01NVIOQ,0,0,0,0,0,0,0,0,0,0,0,0,0
01NOHOQ,0,0,0,0,0,0,0,0,0,0,0,0,0
01UQRLX,0,0,0,0,0,0,0,0,0,0,0,0,0
01NBEPL,0,0,0,0,0,0,0,0,0,0,0,0,0
01HGMNF,0,0,0,0,0,0,0,0,0,0,0,0,0
01RAGMV,0,0,0,0,0,0,0,0,0,0,0,0,0
16AHMMB,0,0,0,0,0,0,0,0,0,0,0,0,0
02SODNG,0,0,0,0,0,0,0,0,0,0,0,0,0
02NGKMZ,0,0,0,0,0,0,0,0,0,0,0,0,0
16AHMLS,0,0,0,0,0,0,0,0,0,0,0,0,0
01VOWPQ,0,0,0,0,0,0,0,0,0,0,0,0,0
01UARLH,0,0,0,0,0,0,0,0,0,0,0,0,0
01DVINW,0,0,0,0,0,0,0,1,0,0,1,0,0
10CWHOQ,0,0,0,0,0,0,0,0,0,0,0,0,0
01VLYTE,0,0,0,0,0,0,0,0,0,0,0,0,0
03LTJOD,0,0,0,0,0,0,0,0,0,0,0,0,0
01UTPMH,0,0,0,0,0,0,0,0,0,0,0,0,0
01DWBPG,0,0,0,0,0,0,0,0,0,0,0,0,0
02TZJOV,0,0,0,0,0,0,0,0,0,0,0,0,0
01OFVLI,0,0,0,0,0,0,0,0,0,0,0,0,0
01NBDPL,0,0,0,0,0,0,0,0,0,0,0,0,0
01STUPM,0,0,0,0,0,0,0,0,0,0,0,0,0
03PGYLU,0,0,0,0,0,0,0,0,0,0,0,0,0
01NEHMV,0,0,0,0,0,0,0,0,0,0,0,0,0
01UCCOQ,0,0,0,0,0,0,0,0,0,0,0,0,0
01VLMPQ,0,0,0,0,0,0,0,0,0,0,0,0,0
11MBRUV,0,0,0,0,0,0,0,0,0,0,0,0,0
27ICWMT,0,0,0,0,0,0,0,0,0,0,0,0,0
01QFYQR,0,0,0,0,0,0,0,0,0,0,0,0,0
01UCBMV,0,0,0,0,0,0,0,0,0,0,0,0,0
01VHYTD,0,1,0,0,0,0,0,0,0,0,0,1,0
01NLEJM,0,0,0,0,0,0,0,0,0,0,0,0,0
14BHDMB,0,0,0,0,0,0,0,0,0,0,0,0,0
05MBRBH,0,0,0,0,0,0,0,0,0,0,0,0,0
01VLDVA,0,0,0,0,0,0,0,0,0,0,0,0,0
17AXPMH,0,0,0,0,0,0,0,0,0,0,0,0,0
26IDGPF,0,0,0,0,0,0,0,0,0,0,0,0,0
01TUJOV,0,0,0,0,0,0,0,0,0,0,0,0,0
01UUXPQ,0,0,0,0,0,0,0,0,0,0,0,0,0
16IBNQR,0,0,0,0,0,0,0,0,0,0,0,0,0
07CRLMN,0,0,0,0,0,0,0,0,0,0,0,0,0
01QGKPH,0,0,0,0,0,0,0,0,0,1,1,0,1
01RWRMW,0,0,0,0,0,0,0,0,0,0,0,0,0
01GZYUU,0,0,0,0,0,0,0,0,0,0,0,0,0
57ICPMT,0,0,0,0,0,0,0,0,0,0,0,0,0
32IBNPC,0,0,0,0,0,0,0,0,0,0,0,0,0
02OKGND,0,0,1,0,1,0,0,0,0,0,0,0,1
01VLIMC,0,0,0,0,0,0,0,0,0,0,0,0,0
02ROVQA,0,0,0,0,0,0,0,0,0,0,0,0,0
01NMEQD,0,0,0,0,0,0,0,0,0,0,0,0,0
02MXBOQ,0,0,0,0,0,0,0,0,1,0,0,0,0
26OBVMT,0,0,0,0,0,0,0,0,0,0,0,0,0
01VNUPX,0,0,0,0,0,0,0,0,0,0,0,0,0
06ARNNM,0,0,0,0,0,0,0,0,0,0,0,0,0
01UUHPW,0,0,0,0,0,0,0,0,0,0,0,0,0
02MZGOD,0,0,0,0,0,0,0,0,0,0,0,0,0
02VEBQA,0,0,0,0,0,0,0,0,0,0,0,0,0
01FTJPG,0,0,0,0,0,0,0,0,0,0,0,0,0
03AQJPG,0,0,0,0,0,0,0,0,0,0,0,0,0
03PEEOQ,0,0,0,0,0,0,0,0,0,0,0,0,0
01TVHND,0,0,1,0,1,0,0,0,0,0,0,0,1
03AFINC,0,0,0,0,0,0,0,0,0,0,0,0,0
01RUWQA,0,0,0,0,0,0,0,0,0,0,0,0,0
02SHTQA,0,0,0,0,0,0,0,0,0,0,0,0,0
01NIYMO,0,0,0,0,0,0,0,1,0,0,0,0,0
02CFUMZ,0,0,0,0,0,0,0,0,0,0,0,0,0
01TWNQW,0,0,0,0,0,0,0,0,0,0,0,0,0
01HGEUU,0,0,0,0,0,0,0,0,0,0,0,0,0
01TUMLP,0,0,0,0,0,0,0,0,0,0,0,0,0
16ACFPC,0,0,0,0,0,0,0,0,0,0,0,0,0
14LMGTD,0,0,0,0,0,0,0,0,0,0,0,0,0
03QNMNG,0,0,0,0,0,0,0,0,0,0,0,0,0
01NMFQD,0,0,0,0,0,0,0,0,0,0,0,0,0
02KRQBG,0,0,0,0,0,0,0,0,0,0,0,0,0
07KBMMN,0,0,0,0,0,0,0,0,0,0,0,0,0
15AXOPI,0,0,0,0,0,0,0,0,0,0,0,0,0
16AHMPL,0,0,0,0,0,0,0,0,0,0,0,0,0
18IBNTC,0,0,0,0,0,0,0,0,0,0,0,0,0
01NOKOQ,0,0,0,0,0,0,0,0,0,0,0,0,0
01STXMU,0,0,0,0,0,0,0,0,0,0,0,0,0
07BOTLN,0,0,0,0,0,0,0,0,0,0,0,0,0
07NZAPE,0,0,0,0,0,0,0,0,0,0,0,0,0
01STNPM,0,0,0,0,0,0,0,0,0,0,0,0,0
17AXOMQ,0,0,0,0,0,0,0,0,0,0,0,0,0
01DVZPG,0,0,0,0,0,0,0,0,0,0,0,0,0
16MBRBG,0,0,0,0,0,0,0,0,0,0,0,0,0
01VMCTE,0,0,0,0,0,0,0,0,0,0,0,0,0
02USOLO,0,0,0,0,0,0,0,0,0,0,0,0,0
01DEELI,0,0,0,0,0,0,0,0,0,0,0,0,0
01USBOD,0,0,0,0,0,0,0,0,0,0,0,0,0
01RWJNW,0,0,0,0,1,0,0,1,0,0,0,0,0
36ICPNB,0,0,0,0,0,0,0,0,0,0,0,0,0
04PPPPG,0,0,0,0,0,0,0,0,0,0,0,0,0
01RKCPL,0,0,0,0,0,0,0,0,0,0,0,0,0
01TZTNF,0,0,1,0,1,0,0,1,1,0,1,0,1
01POEMV,0,0,0,0,0,0,0,0,0,0,0,0,0
01VQAPQ,0,0,0,0,0,0,0,0,0,0,0,0,0
01SUAPM,0,0,0,1,0,0,0,0,0,0,0,0,0
17MBRBH,0,0,0,0,0,0,0,0,0,0,0,0,0
01VMSTE,0,0,0,0,0,0,0,0,0,0,0,0,0
01UEVOV,0,0,0,0,0,0,0,0,0,0,0,0,0
01QZGMU,0,0,0,0,0,0,0,0,0,0,0,0,0
13AOOMO,0,0,0,0,0,0,0,0,0,0,0,0,0
02HEFQR,0,0,0,0,0,0,0,0,0,0,0,0,0
01RKCPC,0,0,0,0,0,0,0,0,0,0,0,0,0
01OTWOV,0,0,0,0,0,0,0,0,0,0,0,0,0
01HFQOV,0,0,0,0,0,0,0,0,0,0,0,0,0
07LKIMA,0,0,0,0,0,0,0,0,0,0,0,0,0
01STRPM,0,0,0,0,0,0,0,0,0,0,0,0,0
01RUXQA,0,0,0,0,0,0,0,0,0,0,0,0,0
07KXXLI,0,0,0,0,0,0,0,0,0,0,0,0,0
01OFXLO,0,0,0,0,0,0,0,0,0,0,0,0,0
01VKLMX,0,0,0,0,0,0,0,0,0,0,0,0,0
01VKXVA,0,0,0,0,0,0,0,0,0,0,0,0,0
29ICWMT,0,0,0,0,0,0,0,0,0,0,0,0,0
01PNOMN,0,0,0,0,0,0,0,0,0,0,0,0,0
16BGGPI,0,0,0,0,0,0,0,0,0,0,0,0,0
16IBNLX,0,0,0,0,0,0,0,0,0,0,0,0,0
03AZHLX,0,0,0,0,0,0,0,0,0,0,0,0,0
05CJCOA,0,0,0,0,0,0,0,0,0,0,0,0,0
01PUBLU,0,0,0,0,0,0,0,0,0,0,0,0,0
01VLBMX,0,0,0,0,0,0,0,0,0,0,0,0,0
01TYBMK,0,0,0,0,0,0,0,0,0,0,0,0,0
01USBLX,0,0,0,0,0,0,0,0,0,0,0,0,0
14BHDPI,0,0,0,0,0,0,0,0,0,0,0,0,0
03BGHNE,0,0,0,0,0,0,0,0,0,0,0,0,0
01VJHNE,0,0,0,0,0,0,0,0,0,0,0,0,0
01VNVPX,0,0,0,0,0,0,0,0,0,0,0,0,0
03NWPPD,0,0,0,0,0,0,0,0,0,0,0,0,0
01DRUTR,0,1,0,1,1,0,0,0,0,1,1,0,1
01TYHMK,0,0,0,0,0,0,0,0,0,0,0,0,0
01DSMBG,0,0,0,0,0,0,0,0,0,0,0,0,0
04NTMQA,0,0,0,0,0,0,0,0,0,0,0,0,0
01HFWQW,0,0,0,0,0,0,0,0,0,0,0,0,0
02TYJNG,0,0,0,0,0,0,0,0,0,0,0,0,0
01VMXPQ,0,0,0,0,0,0,0,0,0,0,0,0,0
03KXTTR,0,0,0,0,0,0,0,0,0,0,0,0,0
02AAFLZ,0,0,0,0,0,0,0,0,0,0,0,0,0
01GYYUV,0,0,0,0,0,0,0,0,0,0,0,0,0
02NZENL,0,1,0,1,1,0,0,1,0,0,1,0,1
01NMDQD,0,0,0,0,0,0,0,0,0,0,0,0,0
05EGGLH,0,0,0,0,0,0,0,0,0,0,0,0,0
03BPZNE,0,0,0,0,0,0,0,0,0,0,0,0,0
01OAJNE,0,0,0,0,0,0,0,0,0,0,0,0,0
20AXPPL,0,0,0,0,0,0,0,0,0,0,0,0,0
06JWLNE,0,0,0,0,0,0,0,0,0,0,0,0,0
07JCJTR,0,0,0,0,0,0,0,0,0,0,0,0,0
01DWQMZ,0,0,0,0,0,0,0,0,0,0,0,0,0
01SOQQA,0,0,0,0,1,0,0,1,0,0,1,0,1
02CWHQA,0,0,0,0,0,0,0,0,0,0,0,0,0
03RUWQA,0,0,0,0,0,0,0,0,0,0,0,0,0
05OIYPH,0,0,0,0,0,0,0,0,0,0,0,0,0
12ICSPX,0,0,0,0,0,0,0,0,0,0,0,0,0
07GXSQA,0,0,0,0,0,0,0,0,0,0,0,0,0
01GYILM,0,0,0,0,0,0,0,0,0,0,0,0,0
01NNMPE,0,0,0,0,0,0,0,0,0,0,0,0,0
01GYAOA,0,0,0,0,0,0,0,0,0,0,0,0,0
04JEZLM,0,0,0,0,0,0,0,0,0,0,0,0,0
03OFQLO,0,0,0,0,0,0,0,0,0,0,0,0,0
07KXULM,0,0,0,0,0,0,0,0,0,0,0,0,0
14BHDPC,0,0,0,0,0,0,0,0,0,0,0,0,0
02DWKMZ,0,0,0,0,0,0,0,0,0,0,0,0,0
01HHOUU,0,0,0,0,0,0,0,0,0,0,0,0,0
41EBHPE,0,0,0,0,0,0,0,0,0,0,0,0,0
01RMQNG,0,0,0,0,0,0,0,0,0,0,0,0,0
01HEWUT,0,0,1,0,0,0,0,0,1,0,1,0,1
01QYEQW,0,0,0,0,0,0,0,0,0,0,0,0,0
01TWRND,0,0,0,0,0,0,0,1,1,0,0,0,0
04NIONE,0,0,0,0,0,0,0,0,0,0,0,0,0
01UUXNB,0,0,0,0,0,0,0,0,0,0,0,0,0
05KXWLI,0,0,0,0,0,0,0,0,0,0,0,0,0
20AXPMB,0,0,0,0,0,0,0,0,0,0,0,0,0
01OIHLP,0,0,0,0,0,0,0,0,0,0,0,0,0
01RUKND,0,0,0,0,1,0,0,1,0,0,0,1,0
10CWHOV,0,0,0,0,0,0,0,0,0,0,0,0,0
02LSILP,0,0,0,0,0,0,0,0,0,0,0,0,0
01TGWTC,0,0,0,0,0,0,0,0,0,0,0,0,0
01SRKMT,0,0,0,0,0,0,0,0,0,0,0,0,0
01VKRVA,0,0,0,0,0,0,0,0,0,0,0,0,0
01UAYOQ,0,0,0,0,0,0,0,0,0,0,0,0,0
01TWWSM,0,0,0,0,0,0,0,0,0,0,0,0,0
04KQCPC,0,0,0,0,0,0,0,0,0,0,0,0,0
03NBULH,0,0,0,0,0,0,0,0,0,0,0,0,0
01USBPI,0,0,0,0,0,0,0,0,0,0,0,0,0
01GZGQA,0,0,0,0,0,0,0,0,0,0,0,0,0
10BXTMQ,0,0,0,0,0,0,0,0,0,0,0,0,0
01URSOV,0,0,0,0,0,0,0,0,0,0,0,0,0
01UUMND,0,0,0,0,0,0,0,0,0,0,0,0,0
01STLPM,0,0,0,0,0,0,0,0,0,0,0,0,0
01THDTC,0,0,0,0,0,0,0,0,0,0,0,0,0
22EBHMZ,0,0,0,0,0,0,0,0,0,0,0,0,0
01VNCPX,0,0,0,0,0,0,0,0,0,0,0,0,0
01UDRUU,0,0,0,0,0,0,0,0,0,0,0,0,0
01QVQLP,0,0,0,0,0,0,0,0,0,0,0,0,0
01RWMMX,0,0,0,0,0,0,0,0,0,0,0,0,0
01OAHNE,0,0,0,0,0,0,0,0,0,0,0,0,0
02MOCOD,0,0,0,0,0,0,0,0,0,0,0,0,0
08KSIOA,0,0,0,0,0,0,0,0,0,0,0,0,0
05SSEPM,0,0,0,0,0,0,0,0,0,0,0,0,0
01SPQPF,0,0,0,0,0,0,0,0,0,0,0,0,0
06RWNMW,0,0,0,0,0,0,0,1,1,0,1,0,0
01UGMTE,0,0,0,0,0,0,0,0,0,0,0,0,0
03OFGLO,0,0,0,0,0,0,0,0,0,0,0,0,0
01CWHNX,0,0,0,0,0,0,0,0,0,0,0,0,0
04RVQNF,0,0,0,0,0,0,0,0,0,0,0,0,0
02JFMPC,0,0,0,0,0,0,0,0,0,0,0,0,0
22EBHMW,0,0,0,0,0,0,0,0,0,0,0,0,0
01TZPMW,0,0,0,0,0,0,0,0,0,0,0,0,0
01UCLNF,0,0,0,0,0,0,0,0,0,0,1,0,0
10CWHOA,0,0,0,0,0,0,0,0,0,0,0,0,0
01RKCLX,0,0,0,0,0,0,0,0,0,0,0,0,0
01GYOUV,0,0,0,0,0,0,0,0,0,0,0,0,0
16AHMPC,0,0,0,0,0,0,0,0,0,0,0,0,0
08MBRBH,0,0,0,0,0,0,0,0,0,0,0,0,0
03UEWOV,0,0,0,0,0,0,0,0,0,0,0,0,0
20OBVMT,0,0,0,0,0,0,0,0,0,0,0,0,0
01VEAQA,0,0,0,0,0,0,0,0,0,0,0,0,0
01VIATD,0,0,0,0,0,0,0,0,0,0,0,0,0
03JGMPC,0,0,0,0,0,0,0,0,0,0,0,0,0
01HEUUT,0,0,0,0,0,0,0,0,0,0,0,0,0
04NTBQA,0,0,0,0,0,0,0,0,0,0,0,0,0
01GZHQA,0,0,0,0,0,0,0,0,0,0,0,0,0
07AYFPF,0,0,0,0,0,0,0,0,0,0,0,0,0
01USBLN,0,0,0,0,0,0,0,0,0,0,0,0,0
01NVDOQ,0,0,0,0,0,0,0,0,0,0,0,0,0
02LONQW,0,0,0,0,0,0,0,0,0,0,0,0,0
01VKIMX,0,0,0,0,0,0,0,0,0,0,0,0,0
01VKEVA,0,0,0,0,0,0,0,0,0,0,0,0,0
01UAUMZ,0,0,0,0,0,0,0,0,0,0,0,0,0
01HESUT,0,0,0,0,1,0,0,0,0,0,0,0,0
10CFRLS,0,0,0,0,0,0,0,0,0,0,0,0,0
01UAZOQ,0,0,0,0,0,0,0,0,0,0,0,0,0
01GZQQA,0,0,0,0,0,0,0,0,0,0,0,0,0
01UCZPE,0,0,0,0,0,0,0,0,0,0,0,0,0
07CMKPM,0,0,0,0,0,0,0,0,0,0,0,0,0
20EBHUS,0,0,0,0,0,0,0,0,0,0,0,0,0
01UAYPE,0,0,0,0,0,0,0,0,0,0,0,0,0
01VJSPH,0,1,1,1,1,0,0,1,0,0,1,0,1
07LKINX,0,0,0,0,0,0,0,0,0,0,0,0,0
01GYIOA,0,0,0,0,0,0,0,0,0,0,0,0,0
16ACFPI,0,0,0,0,0,0,0,0,0,0,0,0,0
08BEKMC,0,0,0,0,0,0,0,0,0,0,0,0,0
22EBHNF,0,0,0,0,0,0,0,0,0,0,0,0,0
01RKZOQ,0,0,0,0,0,0,0,0,0,0,0,0,0
01CWHLM,0,0,0,0,0,0,0,0,0,0,0,0,0
01NENMV,0,0,0,0,0,0,0,0,0,0,0,0,0
02OGGOA,0,0,0,0,0,0,0,0,0,0,0,0,0
01TWHND,1,0,0,0,1,0,0,1,0,0,0,0,0
01OUWOV,0,0,0,0,0,0,0,0,0,0,0,0,0
04CIIPI,0,0,0,0,0,0,0,0,0,0,0,0,0
01PDCQW,0,0,0,0,0,0,0,0,0,0,0,0,0
01DRRTR,0,0,0,0,0,0,0,0,0,0,0,0,0
01VNSPX,1,0,0,0,1,0,0,1,0,0,0,0,0
03FYZPL,0,0,0,0,0,0,0,0,0,0,0,0,0
01DSRBG,0,0,0,0,0,0,0,0,0,0,0,0,0
16ACFMO,0,0,0,0,0,0,0,0,0,0,0,0,0
02PDWPH,0,0,0,0,0,0,0,0,0,0,0,0,0
01NPZOV,0,0,0,0,0,0,0,0,0,0,0,0,0
01UATLH,0,0,0,0,0,0,0,0,0,0,0,0,0
03AXZPM,0,0,0,0,0,0,0,0,0,0,0,0,0
02BAQMT,0,0,0,0,0,0,0,0,0,0,0,0,0
02CODMT,0,0,0,0,0,0,0,0,0,0,0,0,0
06KWRTR,0,0,0,0,0,0,0,0,0,0,0,0,0
01VPAPQ,1,0,0,0,1,0,0,0,1,0,0,0,1
02HEFNM,0,0,0,0,0,0,0,0,0,0,0,0,0
03OUDLU,1,0,1,0,0,0,0,0,0,0,0,0,0
02DXULM,0,0,0,0,0,0,0,0,0,0,0,0,0
01QVYLS,0,0,0,0,0,0,0,0,0,0,0,0,0
01PNOOA,0,0,0,0,0,0,0,0,0,0,0,0,0
01UQPNC,0,0,0,0,1,0,0,0,0,0,0,0,1
02GOLOV,0,0,0,0,0,0,0,0,0,0,0,0,0
03UEWNC,0,0,0,0,0,0,0,0,0,0,0,0,0
01UUKPW,0,0,0,0,0,0,0,0,0,0,0,0,0
08ATNNX,0,0,0,0,0,0,0,0,0,0,0,0,0
02IHSLX,0,0,0,0,0,0,0,0,0,0,0,0,0
68ICPOV,0,0,0,0,0,0,0,0,0,0,0,0,0
01URJPC,0,0,0,0,0,0,0,0,0,0,0,0,0
12FWYBG,0,0,0,0,0,0,0,0,0,0,0,0,0
01DVPNW,0,0,0,0,0,0,0,1,1,0,1,0,1
01USELO,0,0,0,0,0,0,0,0,0,0,0,1,0
01QNAPI,0,0,0,0,0,0,0,0,0,0,0,0,0
01NKVNC,0,0,0,0,0,0,0,0,0,0,0,0,0
01MOQPI,0,0,0,0,0,0,0,0,0,0,0,0,0
15MBRMZ,0,0,0,0,0,0,0,0,0,0,0,0,0
01NVEOQ,0,0,0,0,0,0,0,0,0,0,0,0,0
01KSUPG,0,0,0,0,0,0,0,0,0,0,0,0,0
01STMPM,0,0,0,0,0,0,0,0,0,0,0,0,0
02TZHOV,0,0,0,0,0,0,0,0,0,0,0,0,0
11CWHMH,0,0,0,0,0,0,0,0,0,0,0,0,0
01APAPC,0,0,0,0,0,0,0,0,0,0,0,0,0
01HHPUT,0,0,0,0,1,0,0,0,1,0,0,0,0
01TWDND,1,1,1,0,1,0,0,0,0,1,1,0,1
10CWHOD,0,0,0,0,0,0,0,0,0,0,0,0,0
01USXMO,0,0,0,0,0,0,0,0,0,0,0,0,0
03FMCMX,0,0,0,0,0,0,0,0,0,0,0,0,0
01URIPC,0,0,0,0,0,0,0,0,0,0,0,0,0
04PHBPM,0,0,0,0,0,0,0,0,0,0,0,0,0
02EUCLZ,0,0,0,0,0,0,0,0,0,0,0,0,0
05SQSQW,0,0,0,0,0,0,0,0,0,0,0,0,0
03PTBPX,0,0,0,0,0,0,0,0,0,0,0,0,0
01URZSM,0,0,0,0,0,0,0,0,0,0,0,0,0
04BWIQA,0,0,0,0,0,0,0,0,0,0,0,0,0
01VKAMX,0,0,0,0,0,0,0,0,0,0,0,0,0
01UAMNG,0,0,0,0,0,0,0,0,0,0,0,0,0
01SSXPM,0,0,0,0,0,0,0,0,0,0,0,0,0
01DTYQA,0,0,0,0,0,0,0,0,0,0,0,0,0
02PPKNW,0,0,0,0,0,0,0,0,0,0,0,0,0
09CBIOA,0,0,0,0,0,0,0,0,0,0,0,0,0
01SQNOV,0,0,0,0,0,0,0,0,0,0,0,0,0
05BIDOV,0,0,0,0,0,0,0,0,0,0,0,0,0
01SOVPE,0,0,0,0,0,0,0,0,0,0,0,0,0
03OFTLN,0,0,0,0,0,0,0,0,0,0,0,0,0
64ICPOV,0,0,0,0,0,0,0,0,0,0,0,0,0
01UAVLH,0,0,0,0,0,0,0,0,0,0,0,0,0
01URTOV,0,0,0,0,0,0,0,0,0,0,0,0,0
01UUIPW,1,0,0,0,0,0,0,0,0,0,0,0,0
01PCZQW,0,0,0,0,0,0,0,0,0,0,0,0,0
02SXJLI,0,0,0,0,0,0,0,0,0,0,0,0,0
01HLRMN,0,0,0,0,0,0,0,0,0,0,0,0,0
01OAIQD,0,0,0,0,0,0,0,1,0,0,0,0,0
01HHWUT,0,0,0,0,0,0,0,0,0,0,0,0,0
01MSYLO,0,0,0,0,0,0,0,0,0,0,0,0,0
01HFFUS,0,0,0,0,0,0,0,0,0,0,0,0,0
05ONDNG,0,0,0,0,0,0,0,0,0,0,0,0,0
06LKIMK,0,0,0,0,0,0,0,0,0,0,0,0,0
01SPPPF,0,0,0,0,0,0,0,0,0,0,0,0,0
05EPULZ,0,0,0,0,0,0,0,0,0,0,0,0,0
01SYKLH,0,0,0,0,0,0,0,0,0,0,0,0,0
02SYJLH,0,0,0,0,0,0,0,0,0,0,0,0,0
03AOFNM,0,0,0,0,0,0,0,0,0,0,0,0,0
11CFOMQ,0,0,0,0,0,0,0,0,0,0,0,0,0
14EBHMV,0,0,0,0,0,0,0,0,0,0,0,0,0
02USKBG,0,0,0,0,0,0,0,0,0,0,0,0,0
16EBGJM,0,0,0,0,0,0,0,0,0,0,0,0,0
01GZDUV,0,0,0,0,0,0,0,0,0,0,0,0,0
01PEDOQ,0,0,0,0,0,0,0,0,0,0,0,0,0
01OFVLN,0,0,0,0,0,0,0,0,0,0,0,0,0
37CWHUS,0,0,0,0,0,0,0,0,0,0,0,0,0
06QLVPQ,0,0,0,0,0,0,0,1,0,0,0,0,0
01UROLM,0,0,0,0,0,0,0,0,0,0,0,0,0
01HEXUT,0,1,0,1,1,0,0,0,0,0,0,1,0
03KXTLM,0,0,0,0,0,0,0,0,0,0,0,0,0
01UCKNF,0,0,0,0,1,0,0,1,1,0,1,0,1
04CVSMB,0,0,0,0,0,0,0,0,0,0,0,0,0
01JYPMC,0,0,0,0,0,0,0,0,0,0,0,0,0
05KXWJM,0,0,0,0,0,0,0,0,0,0,0,0,0
01RZYPE,0,0,0,0,0,0,0,0,0,0,0,0,0
01NLAJM,0,0,0,0,0,0,0,0,0,0,0,0,0
01VOKPX,0,0,0,0,0,0,0,0,0,0,0,0,0
01DTHSM,0,0,0,0,0,0,0,0,0,0,0,0,0
01DEETR,0,0,0,0,0,0,0,0,0,0,0,0,0
01VNAPQ,0,0,0,0,0,0,0,0,0,0,0,0,0
02DXUOA,0,0,0,0,0,0,0,0,0,0,0,0,0
22EBHMT,0,0,0,0,0,0,0,0,0,0,0,0,0
01NKDNL,0,0,0,0,0,0,0,0,0,0,0,0,0
01DRSTR,0,0,0,0,1,0,0,1,1,0,1,0,1
01UUZNB,0,0,0,0,0,0,0,0,0,0,0,0,0
01VPDPQ,0,0,0,0,0,0,0,0,0,0,0,0,0
26KBLTC,0,0,0,0,0,0,0,0,0,0,0,0,0
02TXDNG,0,0,0,0,0,0,0,0,0,0,0,0,0
01NOFOQ,0,0,0,0,0,0,0,0,0,0,0,0,0
01NATPG,0,0,0,0,0,0,0,0,0,0,0,0,0
34CWHPW,0,0,0,0,0,0,0,0,0,0,0,0,0
10CWHNX,0,0,0,0,0,0,0,0,0,0,0,0,0
05OJZND,0,0,0,0,0,0,0,0,0,0,0,0,0
01HIEUT,0,0,0,0,0,0,0,0,0,0,0,0,0
01VLZTE,0,0,0,0,0,0,0,0,0,0,0,0,0
01VHMPM,0,0,0,0,0,0,0,0,0,0,0,0,0
07CHWPL,0,0,0,0,0,0,0,0,0,0,0,0,0
01SSRPM,0,0,0,0,0,0,0,0,0,0,0,0,0
01HGUNF,0,0,0,0,0,0,0,0,0,0,0,0,0
01OSIPF,0,0,0,0,0,0,0,0,0,0,0,0,0
06BPTMQ,0,0,0,0,0,0,0,0,0,0,0,0,0
01QHGMV,0,0,0,0,0,0,0,0,0,0,0,0,0
03AOFQR,0,0,0,0,0,0,0,0,0,0,0,0,0
01GZWQA,0,0,0,0,0,0,0,0,0,0,0,0,0
01VOYPQ,0,0,0,0,0,0,0,0,0,0,0,0,0
49ICPMV,0,0,0,0,0,0,0,0,0,0,0,0,0
01DWOMZ,0,0,0,0,0,0,0,0,0,1,0,0,0
14BHDLN,0,0,0,0,0,0,0,0,0,0,0,0,0
01VOHPX,0,0,0,0,0,0,0,0,0,0,0,0,0
22ACIMA,0,0,0,0,0,0,0,0,0,0,0,0,0
01FJIND,0,0,0,0,0,0,0,0,0,0,0,0,0
02LMUPF,0,0,0,0,0,0,0,0,0,0,0,0,0
27CYAPM,0,0,0,0,0,0,0,0,0,0,0,0,0
07BOXMN,0,0,0,0,0,0,0,0,0,0,0,0,0
02OAENM,0,0,0,0,0,0,0,0,0,0,0,0,0
01SPGPF,0,0,0,0,0,0,0,0,0,0,0,0,0
01SBCLH,0,0,0,0,0,0,0,0,0,0,0,0,0
01VJYVA,0,0,0,0,0,0,0,0,0,0,0,0,0
14APGLS,0,0,0,0,0,0,0,0,0,0,0,0,0
03RVCQA,0,0,0,0,0,0,0,0,0,0,0,0,0
01UQYMV,0,0,0,0,0,0,0,0,0,0,0,0,0
01RKZOV,0,0,0,0,0,0,0,0,0,0,0,0,0
16ACFMN,0,0,0,0,0,0,0,0,0,0,0,0,0
14APGMK,0,0,0,0,0,0,0,0,0,0,0,0,0
02NQFPF,0,0,0,0,0,0,0,0,0,0,0,0,0
02MBBNW,0,0,0,0,0,0,0,1,0,0,0,0,0
04CGYND,0,0,0,0,0,0,0,0,0,0,0,0,0
01HFIUS,0,0,0,0,0,0,0,0,0,0,0,0,0
20ICWNE,0,0,0,0,0,0,0,0,0,0,0,0,0
01PPWMQ,0,0,0,0,0,0,0,0,0,0,0,0,0
01GZVQA,0,0,0,0,0,0,0,0,0,0,0,0,0
01NIINL,0,0,0,0,0,0,0,0,0,0,0,0,0
21APGMN,0,0,0,0,0,0,0,0,0,0,0,0,0
04LSLLN,0,0,0,0,0,0,0,0,0,0,0,0,0
01DTTNG,0,0,0,0,0,0,0,0,0,0,0,0,0
01PPMPM,0,0,0,0,0,0,0,0,0,0,0,0,0
01NLMJM,0,0,0,0,0,0,0,0,0,0,0,0,0
01RUOQA,0,0,0,0,0,0,0,0,0,0,0,0,0
02NTBQA,0,0,0,0,0,0,0,0,0,0,0,0,0
08VAJNF,0,0,0,0,0,0,0,0,0,0,0,0,0
02OIBLU,0,0,0,0,0,0,0,0,0,0,0,0,0
01UDUOV,0,0,0,0,0,0,0,0,0,0,0,0,0
01SPMPF,0,0,0,0,0,0,0,0,0,0,0,0,0
01TVYQW,0,0,0,0,0,0,0,0,0,0,0,0,0
02SYJPW,0,0,0,0,0,0,0,0,0,0,0,0,0
01USCQD,0,0,0,0,0,0,0,0,0,0,0,0,0
07LKIPW,0,0,0,0,0,0,0,0,0,0,0,0,0
01SSCMW,0,0,0,0,0,0,0,0,0,0,0,1,0
06ARNNL,0,0,0,0,0,0,0,0,0,0,0,0,0
04BOFNL,0,0,0,0,0,0,0,0,0,0,0,0,0
01MBCNW,0,0,0,0,0,0,0,0,0,0,0,0,0
31ICWMT,0,0,0,0,0,0,0,0,0,0,0,0,0
01SUJLU,0,0,0,0,0,0,0,0,0,0,0,0,0
48ICPMV,0,0,0,0,0,0,0,0,0,0,0,0,0
02MOOOA,0,0,0,0,0,0,0,0,0,0,0,0,0
01HERUU,0,0,0,0,0,0,0,0,0,0,0,0,0
01QYDUV,0,0,0,0,0,0,0,0,0,0,0,0,0
24MBRUU,0,0,0,0,0,0,0,0,0,0,0,0,0
57ICPMV,0,0,0,0,0,0,0,0,0,0,0,0,0
01TUXPD,0,0,0,0,0,0,0,0,0,0,0,0,0
05PVFNG,0,0,0,0,0,0,0,0,0,0,0,0,0
02MSIMZ,0,0,0,0,0,0,0,0,0,0,0,0,0
01RVGQA,0,1,1,0,1,0,0,1,1,0,1,0,1
01TZSNF,0,1,1,0,0,0,0,1,0,0,0,0,1
01SQRMT,0,0,0,0,0,0,0,0,0,0,0,0,0
01HGVNF,0,0,0,0,0,0,0,1,0,0,0,0,1
18OBWPH,0,0,0,0,0,0,0,0,0,0,0,0,0
12ICSTE,0,0,0,0,0,0,0,0,0,0,0,0,0
01URLLM,0,0,0,0,0,0,0,0,0,0,0,0,0
04BOFQR,0,0,0,0,0,0,0,0,0,0,0,0,0
03MBRLO,0,0,0,0,0,0,0,0,0,0,0,0,0
01NLHJM,0,0,0,0,0,0,0,0,0,0,0,0,0
04OJAPH,0,0,0,0,0,0,0,0,0,0,0,0,0
02NIWMO,0,0,0,0,0,0,0,0,0,0,0,0,0
01NPNPE,0,0,0,0,0,0,0,0,0,0,0,0,0
02IHSLS,0,0,0,0,0,0,0,0,0,0,0,0,0
01QWSBH,0,0,0,0,0,0,0,0,0,0,0,0,0
16AHMMC,0,0,0,0,0,0,0,0,0,0,0,0,0
01VILTC,0,0,0,0,0,0,0,0,0,0,0,0,0
16AHMMQ,0,0,0,0,0,0,0,0,0,0,0,0,0
01DVZPH,0,0,0,0,0,0,0,0,0,0,0,0,0
01CWHPC,0,0,0,0,0,0,0,0,0,0,0,0,0
16AHMLX,0,0,0,0,0,0,0,0,0,0,0,0,0
09MSYUT,0,0,0,0,0,0,0,0,0,0,0,0,0
14BHDNX,0,0,0,0,0,0,0,0,0,0,0,0,0
01RKVNF,0,0,0,0,0,0,0,1,0,0,0,0,0
01GZRUS,0,0,0,0,0,0,0,0,0,0,0,0,0
04PAYPX,0,0,0,0,0,0,0,0,0,0,0,0,0
01RKWLM,0,0,0,0,0,0,0,0,0,0,0,0,0
03RZYMZ,0,0,0,0,0,0,0,0,0,0,0,0,0
01VIKTD,0,0,0,0,0,0,0,0,0,0,0,0,0
01VMZPQ,0,0,0,0,0,0,0,0,0,0,0,0,0
02TVPQW,0,0,0,0,0,0,0,0,1,0,0,0,0
05RMYNG,0,0,0,0,0,0,0,0,0,0,0,0,0
16ACFQR,0,0,0,0,0,0,0,0,0,0,0,0,0
01PGXMX,0,0,0,0,0,0,0,0,0,0,0,0,0
01RKSNF,0,0,0,0,0,0,0,0,0,0,0,0,0
04TAHUV,0,0,0,0,0,0,0,0,0,0,0,0,0
01NJUMU,0,0,0,0,0,0,0,0,0,0,0,0,0
01DVHNW,0,0,1,0,1,0,0,0,0,0,0,0,0
01UCMNF,0,0,0,0,0,0,0,1,0,0,0,0,0
01VNJPX,0,0,0,0,0,0,0,0,0,0,0,0,0
01RVCQA,0,0,0,0,0,0,0,0,0,0,0,0,0
03MCHQD,0,0,0,0,1,0,0,0,0,0,0,0,0
16ACFPL,0,0,0,0,0,0,0,0,0,0,0,0,0
01GZPQA,0,0,0,0,0,0,0,0,0,0,0,0,0
01RKCOD,0,0,0,0,0,0,0,0,0,0,0,0,0
02NZEQR,0,1,0,1,1,0,0,1,0,0,1,0,1
01PNOLS,0,0,0,0,0,0,0,0,0,0,0,0,0
01HGJND,0,0,0,0,0,0,0,0,0,0,0,0,0
01RUGNC,0,0,0,0,1,0,0,0,0,0,0,0,1
07LLQTR,0,0,0,0,0,0,0,0,0,0,0,0,0
04JEYOA,0,0,0,0,0,0,0,0,0,0,0,0,0
01VKZVA,0,0,0,0,0,0,0,0,0,0,0,0,0
14APGMA,0,0,0,0,0,0,0,0,0,0,0,0,0
01RYCVA,0,0,0,0,0,0,0,0,0,0,0,0,0
02UEWBG,0,0,0,0,0,0,0,0,0,0,0,0,0
01VLEVA,0,0,0,0,0,0,0,0,0,0,0,0,0
06QODPQ,0,0,0,0,0,0,0,0,0,0,0,0,0
01RVUVA,0,0,0,0,0,0,0,0,0,0,0,0,0
01OBCOQ,0,0,0,0,0,0,0,0,0,0,0,0,0
02JMHPO,0,0,0,0,1,0,0,1,0,0,0,0,0
17AULLS,0,0,0,0,1,0,0,0,0,0,0,0,0
11APMNX,0,0,0,0,0,0,0,0,0,0,0,0,0
81ICPOV,0,0,0,0,0,0,0,0,0,0,0,0,0
01VJZMX,0,0,0,0,0,0,0,0,0,0,0,0,0
02NSEPW,1,0,0,0,0,0,0,1,0,0,0,0,0
11CFOMK,0,0,0,0,0,0,0,0,0,0,0,0,0
01VHZTD,0,0,0,0,0,0,0,0,0,0,0,0,0
06PAUNL,0,0,0,0,0,0,0,0,0,0,0,0,0
01MZALZ,0,0,0,0,0,0,0,0,0,0,0,0,0
59ICPPM,0,0,0,0,0,0,0,0,0,0,0,0,0
01PPKNF,0,0,0,0,0,0,0,0,0,0,0,0,0
04KWQTR,0,0,0,0,0,0,0,0,0,0,0,0,0
16MSYTD,0,0,0,0,0,0,0,0,0,0,0,0,0
07LKIPC,0,0,0,0,0,0,0,0,0,0,0,0,0
01RXBMZ,0,0,0,0,0,0,0,0,0,1,1,0,0
01SPDPF,0,0,0,0,0,0,0,0,0,0,0,0,0
01NPKPE,0,0,0,0,0,0,0,0,0,0,0,0,0
01RVSVA,0,0,0,0,0,0,0,0,0,0,0,0,0
01URKOA,0,0,0,0,0,0,0,0,0,0,0,0,0
06LSLLM,0,0,0,0,0,0,0,0,0,0,0,0,0
01QFYNL,0,0,0,0,0,0,0,0,0,0,0,0,0
04AVWMH,0,0,0,0,0,0,0,0,0,0,0,0,0
01NYHOV,0,0,0,0,0,0,0,0,0,0,0,0,0
06IHQMA,0,0,0,0,0,0,0,0,0,0,0,0,0
03RUPQA,0,0,0,0,0,0,0,0,0,0,0,0,0
06RXQPC,0,0,0,0,0,0,0,0,0,0,0,0,0
67ICPOV,0,0,0,0,0,0,0,0,0,0,0,0,0
14KYQLP,0,0,0,0,0,0,0,0,0,0,0,0,0
04BOFNM,0,0,0,0,0,0,0,0,0,0,0,0,0
01OKBPQ,0,0,0,0,0,0,0,0,0,0,0,0,0
22EBHNG,0,0,0,0,0,0,0,0,0,0,0,0,0
03EOONC,0,0,0,0,0,0,0,0,0,0,0,0,0
01TWVMK,0,0,0,0,1,0,0,1,1,0,1,0,0
03SOFNG,0,0,0,0,0,0,0,0,0,0,0,0,0
07LKIMC,0,0,0,0,0,0,0,0,0,0,0,0,0
23EBHPE,0,0,0,0,0,0,0,0,0,0,0,0,0
01VNRPX,0,0,0,0,0,0,0,0,0,0,0,0,0
01RUPQA,0,0,0,0,0,0,0,0,0,0,0,0,0
01USWMC,0,0,0,0,0,0,0,0,0,0,0,0,0
04PZQTR,0,0,0,0,0,0,0,0,0,0,0,0,0
02JNZNG,0,0,0,0,0,0,0,0,0,0,0,0,0
02SQLQD,0,0,0,0,0,0,0,0,0,0,0,1,0
01VPGPQ,0,0,0,0,0,0,0,0,0,0,0,0,0
05AGPNX,0,0,0,0,0,0,0,0,0,0,0,0,0
02CYTMQ,0,0,0,0,0,0,0,0,0,0,0,0,0
01UUGPW,0,0,0,0,0,0,0,0,0,0,0,0,0
01MOFNX,0,0,0,0,0,0,0,0,0,0,0,0,0
17AXOMA,0,0,0,0,0,0,0,0,0,0,0,0,0
01GDMPX,0,0,0,0,0,0,0,0,0,0,0,0,0
10ICPNC,0,0,0,0,0,0,0,0,0,0,0,0,0
06LSLOA,0,0,0,0,0,0,0,0,0,0,0,0,0
07CJBNE,0,0,0,0,0,0,0,0,0,0,0,0,0
02MNVPC,0,0,0,0,0,0,0,0,0,0,0,0,0
22EBHOV,0,0,0,0,0,0,0,0,0,0,0,0,0
03LMALI,0,0,0,0,0,0,0,0,0,0,0,0,0
75ICPMX,0,0,0,0,0,0,0,0,0,0,0,0,0
03MYVLZ,0,0,0,0,0,0,0,0,0,0,0,0,0
16AHMLN,0,0,0,0,0,0,0,0,0,0,0,0,0
07JCJLI,0,0,0,0,0,0,0,0,0,0,0,0,0
07JCJLM,0,0,0,0,0,0,0,0,0,0,0,0,0
01NVSOQ,0,0,0,0,0,0,0,0,0,0,0,0,0
01STSPM,0,0,0,0,0,0,0,0,0,0,0,0,0
07LKIMQ,0,0,0,0,0,0,0,0,0,0,0,0,0
01VKUMX,0,0,0,0,0,0,0,0,0,0,0,0,0
01OVFOV,0,0,0,0,0,0,0,0,0,0,0,0,0
05OHTLU,0,0,0,0,0,0,0,0,0,0,0,0,0
12EIUNX,0,0,0,0,0,0,0,0,0,0,0,0,0
04TXHTD,0,0,0,0,0,0,0,0,0,0,0,0,0
03RTSLX,0,0,0,0,0,0,0,0,0,0,0,0,0
03KQBPD,0,0,0,0,0,0,0,0,0,0,0,0,0
01QVZMB,0,0,0,0,0,0,0,0,0,0,0,0,0
01VNMPX,0,0,1,0,0,0,0,1,0,0,0,0,0
14BHDMA,0,0,0,0,0,0,0,0,0,0,0,0,0
01SORQA,0,0,0,0,0,0,0,0,0,0,0,0,0
01PPOPH,0,0,0,0,0,0,0,0,0,0,0,0,0
01RWHNW,0,0,0,0,0,0,0,1,0,0,0,0,0
01STTPM,0,0,0,0,0,0,0,0,0,0,0,0,0
01TUZND,0,0,0,0,0,0,0,1,1,0,0,1,0
01VIGTD,0,0,0,0,0,0,0,0,0,0,0,0,0
02UEWBH,0,0,0,0,0,0,0,0,0,0,0,0,0
02VADND,0,0,0,0,0,0,0,0,0,0,0,0,0
23MBRBG,0,0,0,0,0,0,0,0,0,0,0,0,0
67ICPUS,0,0,0,0,0,0,0,0,0,0,0,0,0
03PTBPQ,0,0,0,0,0,0,0,0,0,0,0,0,0
74ICPMX,0,0,0,0,0,0,0,0,0,0,0,0,0
01IJYMV,0,0,0,0,0,0,0,0,0,0,0,0,0
17AXOPC,0,0,0,0,0,0,0,0,0,0,0,0,0
06PAUQR,0,0,0,0,0,0,0,0,0,0,0,0,0
12AGAOA,0,0,0,0,0,0,0,0,0,0,0,0,0
01VOXPQ,1,0,0,0,0,0,0,1,0,0,0,0,0
01DTUNG,0,0,0,0,0,0,0,0,0,0,0,0,0
16CFRMA,0,0,0,0,0,0,0,0,0,0,0,0,0
01VEBQA,0,0,0,0,0,0,0,0,0,0,0,0,0
01VJCPL,0,0,0,0,0,0,0,0,0,0,0,0,0
16AHMMH,0,0,0,0,0,0,0,0,0,0,0,0,0
16IBNMH,0,0,0,0,0,0,0,0,0,0,0,0,0
09EDMMN,0,0,0,0,0,0,0,0,0,0,0,0,0
01UUWNB,1,0,1,0,0,0,0,0,0,0,0,0,1
01PNOMB,0,0,0,0,0,0,0,0,0,0,0,0,0
17MSYPQ,0,0,0,0,0,0,0,0,0,0,0,0,0
06ETBND,0,0,0,0,0,0,0,0,0,0,0,0,0
01NZTMV,0,0,0,0,0,0,0,0,0,0,0,0,0
23ACIPL,0,0,0,0,0,0,0,0,0,0,0,0,0
01USBLZ,0,0,0,0,0,0,0,0,0,0,0,0,0
01UQSLX,0,0,0,0,0,0,0,0,0,0,0,0,0
03IMRMH,0,0,0,0,0,0,0,0,0,0,0,0,0
02EYOQR,0,0,0,0,0,0,0,0,0,0,0,0,0
02STYLU,0,0,0,0,0,0,0,0,0,0,0,0,0
01VNBPQ,0,0,0,0,0,0,0,0,0,0,0,0,0
01PNOMO,0,0,0,0,0,0,0,0,0,0,0,0,0
01DSPBG,0,0,0,0,0,0,0,0,0,0,0,0,0
17MBRUV,0,0,0,0,0,0,0,0,0,0,0,0,0
02TZLMX,0,0,0,0,0,0,0,0,0,0,0,0,0
01VMYPX,0,0,0,0,0,0,0,0,0,0,0,0,0
01DXJPX,1,1,1,0,1,0,0,1,1,0,1,0,1
04UGMPQ,0,0,0,0,0,0,0,0,0,0,0,0,0
01VKBMX,0,0,0,0,0,0,0,0,0,0,0,0,0
01TXNMW,0,0,0,0,0,0,0,0,0,0,0,0,0
01USGLO,0,0,0,0,1,0,0,0,1,0,0,1,1
01DVONW,0,0,0,0,0,0,0,0,0,0,0,0,0
01USNLO,0,0,0,0,0,0,0,0,0,0,0,0,0
01QHFMV,0,0,0,0,0,0,0,0,0,0,0,0,0
23EBHOV,0,0,0,0,0,0,0,0,0,0,0,0,0
01PETMT,0,0,0,0,0,0,0,0,0,0,0,0,0
16EBGND,0,0,0,0,1,0,0,0,0,0,0,0,0
01UCENF,0,0,1,0,1,0,0,1,0,0,1,0,1
01UTSMH,0,0,0,0,0,0,0,0,0,0,0,0,0
01PNOMK,0,0,0,0,0,0,0,0,0,0,0,0,0
01HEVUT,0,0,0,0,0,0,0,0,0,0,0,0,0
01RKCMN,0,0,0,0,0,0,0,0,0,0,0,0,0
01OFILO,0,0,0,0,0,0,0,0,0,0,0,0,0
14BHDLZ,0,0,0,0,0,0,0,0,0,0,0,0,0
07PTHMW,0,0,0,0,0,0,0,0,0,0,0,0,0
13OCDSM,0,0,0,0,0,0,0,0,0,0,0,0,0
01UTHMK,0,0,0,0,1,0,0,0,0,0,0,0,1
01NNLOQ,0,0,0,0,0,0,0,0,0,0,0,0,0
01VLVTE,0,0,0,0,0,0,0,0,0,0,0,0,0
01USBPC,0,0,0,0,0,0,0,0,0,0,0,0,0
02HEFNL,0,0,0,0,0,0,0,0,0,0,0,0,0
01VICTD,0,0,0,0,0,0,0,0,0,0,0,0,0
01VNWPX,0,0,0,0,0,0,0,0,0,0,0,0,0
01QHHMV,0,0,0,0,0,0,0,0,0,0,0,0,0
02VMKTE,0,0,0,0,0,0,0,0,0,0,0,0,0
73ICPMX,0,0,0,0,0,0,0,0,0,0,0,0,0
01VAFND,0,0,0,0,1,0,0,0,0,0,0,0,0
03KXULP,0,0,0,0,0,0,0,0,0,0,0,0,0
03CWPTC,0,0,0,0,0,0,0,0,0,0,0,0,0
05FOENG,0,0,0,0,0,0,0,0,0,0,0,0,0
06TZHOV,0,0,0,0,0,0,0,0,0,0,0,0,0
01VQDLU,0,0,0,0,0,0,0,0,0,1,0,0,0
01HIHNF,0,0,0,0,0,0,0,0,0,0,0,0,0
22ACIMN,0,0,0,0,0,0,0,0,0,0,0,0,0
08GXSQA,0,0,0,0,0,0,0,0,0,0,0,0,0
06OZNND,0,0,0,0,0,0,0,0,0,0,0,0,0
79CWHPX,0,0,0,0,0,0,0,0,0,0,0,0,0
23OBVMT,0,0,0,0,0,0,0,0,0,0,0,0,0
22ACILX,0,0,0,0,0,0,0,0,0,0,0,0,0
06BQXPC,0,0,0,0,0,0,0,0,0,0,0,0,0
01OCVMW,0,0,0,0,0,0,0,0,0,0,0,0,0
01UDOOV,0,0,0,0,0,0,0,0,0,0,0,0,0
26IBNMK,0,0,0,0,0,0,0,0,0,0,0,0,0
01VNYPX,0,0,0,0,0,0,0,0,0,0,0,0,0
01FYZOA,0,0,0,0,0,0,0,0,0,0,0,0,0
01CFOMO,0,0,0,0,0,0,0,0,0,0,0,0,0
01QGDPG,0,0,0,0,0,0,0,0,0,0,0,0,0
12CKRPI,0,0,0,0,0,0,0,0,0,0,0,0,0
01UWTUV,0,0,0,0,0,0,0,0,0,0,0,0,0
03URGMB,0,0,0,0,0,0,0,0,0,0,0,0,0
01AULNX,0,0,0,0,0,0,0,0,0,0,0,0,0
01JWDMN,0,0,0,0,0,0,0,0,0,0,0,0,0
16LMGNB,0,0,0,0,0,0,0,0,0,0,0,0,0
16ACFOA,0,0,0,0,0,0,0,0,0,0,0,0,0
01VMXPX,0,0,0,0,0,0,0,0,0,0,0,0,0
01VAHNE,0,0,0,0,0,0,0,0,0,0,0,0,0
01QGKMZ,0,0,0,0,0,0,0,0,0,1,1,0,1
01VMZPX,0,0,0,0,0,0,0,0,0,0,0,0,0
03BNCMU,0,0,0,0,0,0,0,0,0,0,0,0,0
01USKLO,0,0,0,0,0,0,0,0,0,0,0,0,0
01TZOVA,0,0,0,0,0,0,0,0,0,0,0,0,0
22EBHOQ,0,0,0,0,0,0,0,0,0,0,0,0,0
01RXXPE,0,0,0,0,0,0,0,0,0,0,0,0,0
01BDGPM,0,0,0,0,0,0,0,0,0,0,0,0,0
02UEWMZ,0,0,0,0,0,0,0,0,0,0,0,0,0
01URPOV,0,0,0,0,0,0,0,0,0,0,0,0,0
01VOZPQ,0,0,0,0,0,0,0,0,0,0,0,0,0
15CDUPC,0,0,0,0,0,0,0,0,0,0,0,0,0
07RWNND,0,0,0,0,0,0,0,0,0,0,0,0,0
02THPTC,0,0,0,0,0,0,0,0,0,0,0,0,0
24EBHNB,0,0,0,0,0,0,0,0,0,0,0,0,0
01HFAUS,0,0,0,0,0,0,0,0,0,0,0,0,0
04RUKNC,0,0,0,0,1,0,0,1,0,0,0,1,0
34CWHNC,0,0,0,0,0,0,0,0,0,0,0,0,0
04IJILS,0,0,0,0,0,0,0,0,0,0,0,0,0
04KWQLP,0,0,0,0,0,0,0,0,0,0,0,0,0
02GQNMQ,0,0,0,0,0,0,0,0,0,0,0,0,0
01HIBUT,0,0,1,0,0,1,0,1,0,0,0,0,0
01RVXQA,0,0,0,0,0,0,0,0,1,0,0,0,0
01NGFMZ,0,0,0,0,0,0,0,0,0,0,0,0,0
01DSSOQ,0,0,0,0,0,0,0,0,0,0,0,0,0
02SHRQA,0,0,0,0,0,0,0,0,0,0,0,0,0
02ILSMZ,0,0,0,0,0,0,0,0,0,0,0,0,0
01GYRUV,0,0,0,0,0,0,0,0,0,0,0,0,0
01NEIMV,0,0,0,0,0,0,0,0,0,0,0,0,0
01STZPM,0,0,0,0,0,0,0,0,0,0,0,0,0
01HFMOV,0,0,0,0,0,0,0,0,0,0,0,0,0
01PEDQW,0,0,0,0,0,0,0,0,0,0,0,0,0
16AHMMA,0,0,0,0,0,0,0,0,0,0,0,0,0
04FDENG,0,0,0,0,0,0,0,0,0,0,0,0,0
08QHEMV,0,0,0,0,0,0,0,0,0,0,0,0,0
07ATIOD,0,0,0,0,0,0,0,0,0,0,0,0,0
01SUCPM,0,0,0,0,0,0,0,0,0,0,0,0,0
01QZHMU,0,0,0,0,0,0,0,0,0,0,0,0,0
01RXKMV,0,0,0,0,0,0,0,0,0,0,0,0,0
01DWAPG,0,0,0,0,0,0,0,0,0,0,0,0,0
05MBRNB,0,0,0,0,0,0,0,0,0,0,0,0,0
01UAPMZ,0,0,0,0,0,0,0,0,0,0,0,0,0
01OUUNL,0,0,0,0,0,0,0,0,0,0,0,0,0
01OUUNM,0,0,0,0,0,0,0,0,0,0,0,0,0
01OXUNL,0,0,0,0,0,0,0,0,0,0,0,0,0
01OXUQR,0,0,0,0,0,0,0,0,0,0,0,0,0
01QYXNM,0,0,0,0,0,0,0,0,0,0,0,0,0
01QYXQR,0,0,0,0,0,0,0,0,0,0,0,0,0
01QZAQR,0,0,0,0,0,0,0,0,0,0,0,0,0
01QZIMU,0,0,0,0,0,0,0,0,0,0,0,0,0
01QZKMU,0,0,0,0,0,0,0,0,0,0,0,0,0
01QZLMU,0,0,0,0,0,0,0,0,0,0,0,0,0
02NJUMU,0,0,0,0,0,0,0,0,0,0,0,0,0
02NJVMU,0,0,0,0,0,0,0,0,0,0,0,0,0
02OQKNM,0,0,0,0,0,0,0,0,0,0,0,0,0
02OXZQR,0,0,0,0,0,0,0,0,0,0,0,0,0
03BNTNM,0,0,0,0,0,0,0,0,0,0,0,0,0
03CWHNM,0,0,0,0,0,0,0,0,0,0,0,0,0
03NJUMU,0,0,0,0,0,0,0,0,0,0,0,0,0
03NJVMU,0,0,0,0,0,0,0,0,0,0,0,0,0
04BNCMU,0,0,0,0,0,0,0,0,0,0,0,0,0
05BNCMU,0,0,0,0,0,0,0,0,0,0,0,0,0
07AWPMU,0,0,0,0,0,0,0,0,0,0,0,0,0
08AWPMU,0,0,0,0,0,0,0,0,0,0,0,0,0
56CWHQR,0,0,0,0,0,0,0,0,0,0,0,0,0
